Speed_time,Speed_velocity,Speed_Setpoint,Speed_adjust,Speed_error
2.56,0.0,3.0,0.0,0.0
2.72,0.0,3.0,0.0,0.0
2.88,0.0,3.0,21.763999938964844,3.0
3.04,0.0,3.0,21.763999938964844,3.0
3.2,0.0,3.0,21.763999938964844,3.0
3.36,0.02,3.0,21.763999938964844,3.0
3.52,0.02,3.0,21.763999938964844,3.0
3.68,0.02,3.0,21.763999938964844,3.0
3.84,0.02,3.0,21.93199920654297,3.0
4.0,0.02,3.0,21.93199920654297,3.0
4.16,0.02,3.0,21.93199920654297,3.0
4.32,0.02,3.0,21.93199920654297,3.0
4.48,0.02,3.0,21.93199920654297,3.0
4.64,0.02,3.0,21.93199920654297,3.0
4.8,0.02,3.0,21.93199920654297,3.0
4.96,0.04,3.0,22.045040130615234,2.9800000190734863
5.12,0.06,3.0,22.045040130615234,2.9800000190734863
5.28,0.06,3.0,22.045040130615234,2.9800000190734863
5.44,0.06,3.0,22.045040130615234,2.9800000190734863
5.6,0.06,3.0,22.045040130615234,2.9800000190734863
5.76,0.08,3.0,22.045040130615234,2.9800000190734863
5.92,0.08,3.0,22.2007999420166,2.9600000381469727
6.08,0.1,3.0,22.2007999420166,2.9600000381469727
6.24,0.12,3.0,22.2007999420166,2.9600000381469727
6.4,0.12,3.0,22.2007999420166,2.9600000381469727
6.56,0.12,3.0,22.2007999420166,2.9600000381469727
6.72,0.12,3.0,22.2007999420166,2.9600000381469727
6.88,0.12,3.0,22.300960540771484,2.9200000762939453
7.04,0.14,3.0,22.300960540771484,2.9200000762939453
7.2,0.14,3.0,22.300960540771484,2.9200000762939453
7.36,0.14,3.0,22.300960540771484,2.9200000762939453
7.52,0.14,3.0,22.300960540771484,2.9200000762939453
7.68,0.14,3.0,22.300960540771484,2.9200000762939453
7.84,0.17,3.0,22.300960540771484,2.9200000762939453
8.0,0.21,3.0,22.419200897216797,2.880000114440918
8.16,0.21,3.0,22.419200897216797,2.880000114440918
8.32,0.23,3.0,22.419200897216797,2.880000114440918
8.48,0.25,3.0,22.419200897216797,2.880000114440918
8.64,0.3,3.0,22.419200897216797,2.880000114440918
8.8,0.34,3.0,22.419200897216797,2.880000114440918
8.96,0.38,3.0,22.480440139770508,2.7899999618530273
9.12,0.45,3.0,22.480440139770508,2.7899999618530273
9.28,0.47,3.0,22.480440139770508,2.7899999618530273
9.44,0.51,3.0,22.480440139770508,2.7899999618530273
9.6,0.57,3.0,22.480440139770508,2.7899999618530273
9.76,0.63,3.0,22.480440139770508,2.7899999618530273
9.92,0.7,3.0,22.441200256347656,2.619999885559082
10.08,0.76,3.0,22.441200256347656,2.619999885559082
10.24,0.78,3.0,22.441200256347656,2.619999885559082
10.4,0.84,3.0,22.441200256347656,2.619999885559082
10.56,0.93,3.0,22.441200256347656,2.619999885559082
10.72,0.99,3.0,22.441200256347656,2.619999885559082
10.88,1.05,3.0,22.241600036621094,2.299999952316284
11.04,1.11,3.0,22.241600036621094,2.299999952316284
11.2,1.16,3.0,22.241600036621094,2.299999952316284
11.36,1.24,3.0,22.241600036621094,2.299999952316284
11.52,1.28,3.0,22.241600036621094,2.299999952316284
11.68,1.3,3.0,22.241600036621094,2.299999952316284
11.84,1.36,3.0,22.241600036621094,2.299999952316284
12.0,1.4,3.0,22.130199432373047,1.9500000476837158
12.16,1.42,3.0,22.130199432373047,1.9500000476837158
12.32,1.42,3.0,22.130199432373047,1.9500000476837158
12.48,1.46,3.0,22.130199432373047,1.9500000476837158
12.64,1.48,3.0,22.130199432373047,1.9500000476837158
12.8,1.52,3.0,22.130199432373047,1.9500000476837158
12.96,1.56,3.0,22.09391975402832,1.6399999856948853
13.12,1.58,3.0,22.09391975402832,1.6399999856948853
13.28,1.63,3.0,22.09391975402832,1.6399999856948853
13.44,1.69,3.0,22.09391975402832,1.6399999856948853
13.6,1.71,3.0,22.09391975402832,1.6399999856948853
13.76,1.71,3.0,22.09391975402832,1.6399999856948853
13.92,1.75,3.0,22.184558868408203,1.440000057220459
14.08,1.77,3.0,22.184558868408203,1.440000057220459
14.24,1.77,3.0,22.184558868408203,1.440000057220459
14.4,1.79,3.0,22.184558868408203,1.440000057220459
14.56,1.77,3.0,22.184558868408203,1.440000057220459
14.72,1.77,3.0,22.184558868408203,1.440000057220459
14.88,1.81,3.0,22.15955924987793,1.25
15.04,1.81,3.0,22.15955924987793,1.25
15.2,1.81,3.0,22.15955924987793,1.25
15.36,1.84,3.0,22.15955924987793,1.25
15.52,1.86,3.0,22.15955924987793,1.25
15.68,1.88,3.0,22.15955924987793,1.25
15.84,1.88,3.0,22.15955924987793,1.25
16.0,1.88,3.0,22.316679000854492,1.190000057220459
16.16,1.88,3.0,22.316679000854492,1.190000057220459
16.32,1.9,3.0,22.316679000854492,1.190000057220459
16.48,1.9,3.0,22.316679000854492,1.190000057220459
16.64,1.9,3.0,22.316679000854492,1.190000057220459
16.8,1.9,3.0,22.316679000854492,1.190000057220459
16.96,1.93,3.0,22.316679000854492,1.190000057220459
17.12,1.91,3.0,22.316679000854492,1.190000057220459
17.28,1.93,3.0,22.316679000854492,1.190000057220459
17.44,1.95,3.0,22.316679000854492,1.190000057220459
17.6,1.93,3.0,22.316679000854492,1.190000057220459
17.76,1.95,3.0,22.316679000854492,1.190000057220459
17.92,1.97,3.0,22.307958602905273,1.0700000524520874
18.08,1.95,3.0,22.307958602905273,1.0700000524520874
18.24,1.95,3.0,22.307958602905273,1.0700000524520874
18.4,1.95,3.0,22.307958602905273,1.0700000524520874
18.56,1.95,3.0,22.307958602905273,1.0700000524520874
18.72,1.97,3.0,22.307958602905273,1.0700000524520874
18.88,1.95,3.0,22.307958602905273,1.0700000524520874
19.04,1.99,3.0,22.41739845275879,1.0299999713897705
19.2,1.99,3.0,22.41739845275879,1.0299999713897705
19.36,2.01,3.0,22.41739845275879,1.0299999713897705
19.52,2.01,3.0,22.41739845275879,1.0299999713897705
19.68,2.01,3.0,22.41739845275879,1.0299999713897705
19.84,2.03,3.0,22.41739845275879,1.0299999713897705
20.0,2.07,3.0,22.537799835205078,1.0499999523162842
20.16,2.07,3.0,22.537799835205078,1.0499999523162842
20.32,2.09,3.0,22.537799835205078,1.0499999523162842
20.48,2.11,3.0,22.537799835205078,1.0499999523162842
20.64,2.11,3.0,22.537799835205078,1.0499999523162842
20.8,2.13,3.0,22.537799835205078,1.0499999523162842
20.96,2.15,3.0,22.389881134033203,0.9300000667572021
21.12,2.15,3.0,22.389881134033203,0.9300000667572021
21.28,2.19,3.0,22.389881134033203,0.9300000667572021
21.44,2.19,3.0,22.389881134033203,0.9300000667572021
21.6,2.21,3.0,22.389881134033203,0.9300000667572021
21.76,2.21,3.0,22.389881134033203,0.9300000667572021
21.92,2.21,3.0,22.389881134033203,0.9300000667572021
22.08,2.23,3.0,22.430679321289062,0.8499999046325684
22.24,2.23,3.0,22.430679321289062,0.8499999046325684
22.4,2.25,3.0,22.430679321289062,0.8499999046325684
22.56,2.25,3.0,22.430679321289062,0.8499999046325684
22.72,2.27,3.0,22.430679321289062,0.8499999046325684
22.88,2.29,3.0,22.430679321289062,0.8499999046325684
23.04,2.32,3.0,22.458600997924805,0.7899999618530273
23.2,2.29,3.0,22.458600997924805,0.7899999618530273
23.36,2.29,3.0,22.458600997924805,0.7899999618530273
23.52,2.32,3.0,22.458600997924805,0.7899999618530273
23.68,2.32,3.0,22.458600997924805,0.7899999618530273
23.84,2.32,3.0,22.458600997924805,0.7899999618530273
24.0,2.34,3.0,22.391679763793945,0.6800000667572021
24.16,2.32,3.0,22.391679763793945,0.6800000667572021
24.32,2.34,3.0,22.391679763793945,0.6800000667572021
24.48,2.32,3.0,22.391679763793945,0.6800000667572021
24.64,2.32,3.0,22.391679763793945,0.6800000667572021
24.8,2.34,3.0,22.391679763793945,0.6800000667572021
24.96,2.34,3.0,22.391679763793945,0.6800000667572021
25.12,2.34,3.0,22.503358840942383,0.6600000858306885
25.28,2.36,3.0,22.503358840942383,0.6600000858306885
25.44,2.34,3.0,22.503358840942383,0.6600000858306885
25.6,2.32,3.0,22.503358840942383,0.6600000858306885
25.76,2.28,3.0,22.503358840942383,0.6600000858306885
25.92,2.28,3.0,22.503358840942383,0.6600000858306885
26.08,2.26,3.0,22.560319900512695,0.6600000858306885
26.24,2.24,3.0,22.560319900512695,0.6600000858306885
26.4,2.26,3.0,22.560319900512695,0.6600000858306885
26.56,2.26,3.0,22.560319900512695,0.6600000858306885
26.72,2.25,3.0,22.560319900512695,0.6600000858306885
26.88,2.25,3.0,22.560319900512695,0.6600000858306885
27.04,2.25,3.0,22.71584129333496,0.7400000095367432
27.2,2.22,3.0,22.71584129333496,0.7400000095367432
27.36,2.22,3.0,22.71584129333496,0.7400000095367432
27.52,2.2,3.0,22.71584129333496,0.7400000095367432
27.68,2.18,3.0,22.71584129333496,0.7400000095367432
27.84,2.18,3.0,22.71584129333496,0.7400000095367432
28.0,2.16,3.0,22.71584129333496,0.7400000095367432
28.16,2.16,3.0,22.686840057373047,0.75
28.32,2.14,3.0,22.686840057373047,0.75
28.48,2.11,3.0,22.686840057373047,0.75
28.64,2.11,3.0,22.686840057373047,0.75
28.8,2.14,3.0,22.686840057373047,0.75
28.96,2.18,3.0,22.686840057373047,0.75
29.12,2.14,3.0,22.85215950012207,0.8399999141693115
29.28,2.14,3.0,22.85215950012207,0.8399999141693115
29.44,2.12,3.0,22.85215950012207,0.8399999141693115
29.6,2.08,3.0,22.85215950012207,0.8399999141693115
29.76,2.08,3.0,22.85215950012207,0.8399999141693115
29.92,2.06,3.0,22.85215950012207,0.8399999141693115
30.08,2.04,3.0,22.840320587158203,0.8599998950958252
30.24,2.04,3.0,22.840320587158203,0.8599998950958252
30.4,2.06,3.0,22.840320587158203,0.8599998950958252
30.88,2.05,3.0,22.840320587158203,0.8599998950958252
31.04,2.03,3.0,22.840320587158203,0.8599998950958252
31.2,2.05,3.0,23.016399383544922,0.9600000381469727
31.36,2.05,3.0,23.016399383544922,0.9600000381469727
31.52,2.05,3.0,23.016399383544922,0.9600000381469727
31.68,2.05,3.0,23.016399383544922,0.9600000381469727
31.84,2.07,3.0,23.016399383544922,0.9600000381469727
32.0,2.05,3.0,23.016399383544922,0.9600000381469727
32.16,2.05,3.0,22.954599380493164,0.9500000476837158
32.32,2.01,3.0,22.954599380493164,0.9500000476837158
32.48,1.99,3.0,22.954599380493164,0.9500000476837158
32.64,1.99,3.0,22.954599380493164,0.9500000476837158
32.8,1.99,3.0,22.954599380493164,0.9500000476837158
32.96,1.96,3.0,22.954599380493164,0.9500000476837158
33.12,1.98,3.0,23.01020050048828,0.9500000476837158
33.28,1.97,3.0,23.01020050048828,0.9500000476837158
33.44,1.97,3.0,23.01020050048828,0.9500000476837158
33.6,1.96,3.0,23.01020050048828,0.9500000476837158
33.76,1.96,3.0,23.01020050048828,0.9500000476837158
33.92,1.96,3.0,23.01020050048828,0.9500000476837158
34.08,1.95,3.0,23.01020050048828,0.9500000476837158
34.24,1.97,3.0,23.164159774780273,1.0199999809265137
34.4,1.95,3.0,23.164159774780273,1.0199999809265137
34.56,1.95,3.0,23.164159774780273,1.0199999809265137
34.72,1.95,3.0,23.164159774780273,1.0199999809265137
34.88,1.93,3.0,23.164159774780273,1.0199999809265137
35.04,1.91,3.0,23.164159774780273,1.0199999809265137
35.2,1.93,3.0,23.189559936523438,1.0499999523162842
35.36,1.91,3.0,23.189559936523438,1.0499999523162842
35.52,1.93,3.0,23.189559936523438,1.0499999523162842
35.68,1.93,3.0,23.189559936523438,1.0499999523162842
35.84,1.93,3.0,23.189559936523438,1.0499999523162842
36.0,1.93,3.0,23.189559936523438,1.0499999523162842
36.16,1.95,3.0,23.249479293823242,1.0700000524520874
36.32,1.95,3.0,23.249479293823242,1.0700000524520874
36.48,1.95,3.0,23.249479293823242,1.0700000524520874
36.64,1.95,3.0,23.249479293823242,1.0700000524520874
36.8,1.95,3.0,23.249479293823242,1.0700000524520874
36.96,1.95,3.0,23.249479293823242,1.0700000524520874
37.12,1.95,3.0,23.249479293823242,1.0700000524520874
37.28,1.97,3.0,23.2498779296875,1.0499999523162842
37.44,1.95,3.0,23.2498779296875,1.0499999523162842
37.6,1.97,3.0,23.2498779296875,1.0499999523162842
37.76,1.97,3.0,23.2498779296875,1.0499999523162842
37.92,1.97,3.0,23.2498779296875,1.0499999523162842
38.08,1.99,3.0,23.2498779296875,1.0499999523162842
38.24,1.99,3.0,23.32027816772461,1.0499999523162842
38.4,1.99,3.0,23.32027816772461,1.0499999523162842
38.56,2.01,3.0,23.32027816772461,1.0499999523162842
38.72,2.03,3.0,23.32027816772461,1.0499999523162842
38.88,2.03,3.0,23.32027816772461,1.0499999523162842
39.04,2.05,3.0,23.32027816772461,1.0499999523162842
39.2,2.05,3.0,23.316837310791016,1.0099999904632568
39.36,2.05,3.0,23.316837310791016,1.0099999904632568
39.52,2.03,3.0,23.316837310791016,1.0099999904632568
39.68,2.05,3.0,23.316837310791016,1.0099999904632568
39.84,2.07,3.0,23.316837310791016,1.0099999904632568
40.0,2.07,3.0,23.316837310791016,1.0099999904632568
40.16,2.07,3.0,23.316837310791016,1.0099999904632568
40.32,2.07,3.0,23.312440872192383,0.9500000476837158
40.48,2.07,3.0,23.312440872192383,0.9500000476837158
40.64,2.11,3.0,23.312440872192383,0.9500000476837158
40.8,2.11,3.0,23.312440872192383,0.9500000476837158
40.96,2.13,3.0,23.312440872192383,0.9500000476837158
41.12,2.15,3.0,23.312440872192383,0.9500000476837158
41.28,2.17,3.0,23.394519805908203,0.9300000667572021
41.44,2.24,3.0,23.394519805908203,0.9300000667572021
41.6,2.26,3.0,23.394519805908203,0.9300000667572021
41.76,2.28,3.0,23.394519805908203,0.9300000667572021
41.92,2.28,3.0,23.394519805908203,0.9300000667572021
42.08,2.3,3.0,23.394519805908203,0.9300000667572021
42.24,2.32,3.0,23.304359436035156,0.8299999237060547
42.4,2.32,3.0,23.304359436035156,0.8299999237060547
42.56,2.34,3.0,23.304359436035156,0.8299999237060547
42.72,2.38,3.0,23.304359436035156,0.8299999237060547
42.88,2.38,3.0,23.304359436035156,0.8299999237060547
43.04,2.36,3.0,23.304359436035156,0.8299999237060547
43.2,2.36,3.0,23.304359436035156,0.8299999237060547
43.36,2.38,3.0,23.211999893188477,0.6800000667572021
43.52,2.4,3.0,23.211999893188477,0.6800000667572021
43.68,2.4,3.0,23.211999893188477,0.6800000667572021
43.84,2.4,3.0,23.211999893188477,0.6800000667572021
44.0,2.4,3.0,23.211999893188477,0.6800000667572021
44.16,2.38,3.0,23.211999893188477,0.6800000667572021
44.32,2.38,3.0,23.306718826293945,0.619999885559082
44.48,2.36,3.0,23.306718826293945,0.619999885559082
44.64,2.31,3.0,23.306718826293945,0.619999885559082
44.8,2.29,3.0,23.306718826293945,0.619999885559082
44.96,2.27,3.0,23.306718826293945,0.619999885559082
45.12,2.25,3.0,23.306718826293945,0.619999885559082
45.28,2.21,3.0,23.3964786529541,0.619999885559082
45.44,2.19,3.0,23.3964786529541,0.619999885559082
45.6,2.19,3.0,23.3964786529541,0.619999885559082
45.76,2.15,3.0,23.3964786529541,0.619999885559082
45.92,2.13,3.0,23.3964786529541,0.619999885559082
46.08,2.1,3.0,23.3964786529541,0.619999885559082
46.24,2.08,3.0,23.3964786529541,0.619999885559082
46.4,2.08,3.0,23.68939971923828,0.7899999618530273
46.56,2.06,3.0,23.68939971923828,0.7899999618530273
46.72,2.04,3.0,23.68939971923828,0.7899999618530273
46.88,2.04,3.0,23.68939971923828,0.7899999618530273
47.04,2.02,3.0,23.68939971923828,0.7899999618530273
47.2,1.98,3.0,23.68939971923828,0.7899999618530273
47.36,1.98,3.0,23.68939971923828,0.7899999618530273
47.52,1.94,3.0,23.68939971923828,0.7899999618530273
47.68,1.92,3.0,23.68939971923828,0.7899999618530273
47.84,1.9,3.0,23.68939971923828,0.7899999618530273
48.0,1.88,3.0,23.68939971923828,0.7899999618530273
48.16,1.86,3.0,23.68939971923828,0.7899999618530273
48.32,1.84,3.0,23.97047996520996,1.0199999809265137
48.48,1.84,3.0,23.97047996520996,1.0199999809265137
48.64,1.82,3.0,23.97047996520996,1.0199999809265137
48.8,1.8,3.0,23.97047996520996,1.0199999809265137
48.96,1.81,3.0,23.97047996520996,1.0199999809265137
49.12,1.79,3.0,23.97047996520996,1.0199999809265137
49.28,1.79,3.0,24.00615882873535,1.159999966621399
49.44,1.81,3.0,24.00615882873535,1.159999966621399
49.6,1.79,3.0,24.00615882873535,1.159999966621399
49.76,1.77,3.0,24.00615882873535,1.159999966621399
49.92,1.77,3.0,24.00615882873535,1.159999966621399
50.08,1.77,3.0,24.00615882873535,1.159999966621399
50.24,1.77,3.0,24.00615882873535,1.159999966621399
50.4,1.81,3.0,23.999238967895508,1.2100000381469727
50.56,1.79,3.0,23.999238967895508,1.2100000381469727
50.72,1.81,3.0,23.999238967895508,1.2100000381469727
50.88,1.84,3.0,23.999238967895508,1.2100000381469727
51.04,1.88,3.0,23.999238967895508,1.2100000381469727
51.2,1.92,3.0,23.999238967895508,1.2100000381469727
51.36,1.94,3.0,23.985877990722656,1.190000057220459
51.52,1.98,3.0,23.985877990722656,1.190000057220459
51.68,2.02,3.0,23.985877990722656,1.190000057220459
51.84,2.04,3.0,23.985877990722656,1.190000057220459
52.0,2.07,3.0,23.985877990722656,1.190000057220459
52.16,2.09,3.0,23.985877990722656,1.190000057220459
52.32,2.11,3.0,23.861759185791016,1.059999942779541
52.48,2.13,3.0,23.861759185791016,1.059999942779541
52.64,2.15,3.0,23.861759185791016,1.059999942779541
52.8,2.15,3.0,23.861759185791016,1.059999942779541
52.96,2.17,3.0,23.861759185791016,1.059999942779541
53.12,2.19,3.0,23.861759185791016,1.059999942779541
53.28,2.19,3.0,23.861759185791016,1.059999942779541
53.44,2.19,3.0,23.77947998046875,0.8900001049041748
53.6,2.2,3.0,23.77947998046875,0.8900001049041748
53.76,2.22,3.0,23.77947998046875,0.8900001049041748
53.92,2.22,3.0,23.77947998046875,0.8900001049041748
54.08,2.22,3.0,23.77947998046875,0.8900001049041748
54.24,2.2,3.0,23.77947998046875,0.8900001049041748
54.4,2.17,3.0,23.874839782714844,0.809999942779541
54.56,2.2,3.0,23.874839782714844,0.809999942779541
54.72,2.17,3.0,23.874839782714844,0.809999942779541
54.88,2.17,3.0,23.874839782714844,0.809999942779541
55.04,2.17,3.0,23.874839782714844,0.809999942779541
55.2,2.17,3.0,23.874839782714844,0.809999942779541
55.36,2.17,3.0,24.024681091308594,0.8299999237060547
55.52,2.17,3.0,24.024681091308594,0.8299999237060547
55.68,2.17,3.0,24.024681091308594,0.8299999237060547
55.84,2.17,3.0,24.024681091308594,0.8299999237060547
56.0,2.21,3.0,24.024681091308594,0.8299999237060547
56.16,2.22,3.0,24.024681091308594,0.8299999237060547
56.32,2.22,3.0,24.024681091308594,0.8299999237060547
56.48,2.21,3.0,24.04452133178711,0.8299999237060547
56.64,2.24,3.0,24.04452133178711,0.8299999237060547
56.8,2.23,3.0,24.04452133178711,0.8299999237060547
56.96,2.23,3.0,24.04452133178711,0.8299999237060547
57.12,2.23,3.0,24.04452133178711,0.8299999237060547
57.28,2.23,3.0,24.04452133178711,0.8299999237060547
57.44,2.25,3.0,24.028759002685547,0.7899999618530273
57.6,2.26,3.0,24.028759002685547,0.7899999618530273
57.76,2.24,3.0,24.028759002685547,0.7899999618530273
57.92,2.26,3.0,24.028759002685547,0.7899999618530273
58.08,2.24,3.0,24.028759002685547,0.7899999618530273
58.24,2.26,3.0,24.028759002685547,0.7899999618530273
58.4,2.26,3.0,24.044757843017578,0.75
58.56,2.24,3.0,24.044757843017578,0.75
58.72,2.26,3.0,24.044757843017578,0.75
58.88,2.26,3.0,24.044757843017578,0.75
59.04,2.26,3.0,24.044757843017578,0.75
59.2,2.24,3.0,24.044757843017578,0.75
59.36,2.26,3.0,24.044757843017578,0.75
59.52,2.26,3.0,24.10527992248535,0.7400000095367432
59.68,2.28,3.0,24.10527992248535,0.7400000095367432
59.84,2.26,3.0,24.10527992248535,0.7400000095367432
60.0,2.28,3.0,24.10527992248535,0.7400000095367432
60.16,2.3,3.0,24.10527992248535,0.7400000095367432
60.32,2.3,3.0,24.10527992248535,0.7400000095367432
60.48,2.32,3.0,24.156721115112305,0.7400000095367432
60.64,2.3,3.0,24.156721115112305,0.7400000095367432
60.8,2.32,3.0,24.156721115112305,0.7400000095367432
60.96,2.34,3.0,24.156721115112305,0.7400000095367432
61.12,2.32,3.0,24.156721115112305,0.7400000095367432
61.28,2.34,3.0,24.156721115112305,0.7400000095367432
61.44,2.35,3.0,24.0993595123291,0.6800000667572021
61.6,2.36,3.0,24.0993595123291,0.6800000667572021
61.76,2.39,3.0,24.0993595123291,0.6800000667572021
61.92,2.36,3.0,24.0993595123291,0.6800000667572021
62.08,2.38,3.0,24.0993595123291,0.6800000667572021
62.24,2.38,3.0,24.0993595123291,0.6800000667572021
62.4,2.41,3.0,24.0993595123291,0.6800000667572021
62.56,2.41,3.0,24.145559310913086,0.6500000953674316
62.72,2.41,3.0,24.145559310913086,0.6500000953674316
62.88,2.43,3.0,24.145559310913086,0.6500000953674316
63.04,2.45,3.0,24.145559310913086,0.6500000953674316
63.2,2.45,3.0,24.145559310913086,0.6500000953674316
63.36,2.45,3.0,24.145559310913086,0.6500000953674316
63.52,2.47,3.0,24.118600845336914,0.5899999141693115
63.68,2.47,3.0,24.118600845336914,0.5899999141693115
63.84,2.49,3.0,24.118600845336914,0.5899999141693115
64.0,2.49,3.0,24.118600845336914,0.5899999141693115
64.16,2.49,3.0,24.118600845336914,0.5899999141693115
64.32,2.51,3.0,24.118600845336914,0.5899999141693115
64.48,2.51,3.0,24.11404037475586,0.5299999713897705
64.64,2.53,3.0,24.11404037475586,0.5299999713897705
64.8,2.53,3.0,24.11404037475586,0.5299999713897705
64.96,2.53,3.0,24.11404037475586,0.5299999713897705
65.12,2.53,3.0,24.11404037475586,0.5299999713897705
65.28,2.57,3.0,24.11404037475586,0.5299999713897705
65.44,2.57,3.0,24.11404037475586,0.5299999713897705
65.6,2.59,3.0,24.137561798095703,0.49000000953674316
65.76,2.61,3.0,24.137561798095703,0.49000000953674316
65.92,2.63,3.0,24.137561798095703,0.49000000953674316
66.08,2.65,3.0,24.137561798095703,0.49000000953674316
66.24,2.65,3.0,24.137561798095703,0.49000000953674316
66.4,2.67,3.0,24.137561798095703,0.49000000953674316
66.56,2.67,3.0,24.08051872253418,0.4100000858306885
66.72,2.7,3.0,24.08051872253418,0.4100000858306885
66.88,2.72,3.0,24.08051872253418,0.4100000858306885
67.04,2.74,3.0,24.08051872253418,0.4100000858306885
67.2,2.74,3.0,24.08051872253418,0.4100000858306885
67.36,2.76,3.0,24.08051872253418,0.4100000858306885
67.52,2.8,3.0,24.056360244750977,0.3299999237060547
67.68,2.8,3.0,24.056360244750977,0.3299999237060547
67.84,2.8,3.0,24.056360244750977,0.3299999237060547
68.0,2.82,3.0,24.056360244750977,0.3299999237060547
68.16,2.84,3.0,24.056360244750977,0.3299999237060547
68.32,2.88,3.0,24.056360244750977,0.3299999237060547
68.48,2.88,3.0,24.056360244750977,0.3299999237060547
68.64,2.9,3.0,23.950960159301758,0.20000004768371582
68.8,2.9,3.0,23.950960159301758,0.20000004768371582
68.96,2.9,3.0,23.950960159301758,0.20000004768371582
69.12,2.9,3.0,23.950960159301758,0.20000004768371582
69.28,2.91,3.0,23.950960159301758,0.20000004768371582
69.44,2.88,3.0,23.950960159301758,0.20000004768371582
69.6,2.9,3.0,23.93655776977539,0.09999990463256836
69.76,2.92,3.0,23.93655776977539,0.09999990463256836
69.92,2.92,3.0,23.93655776977539,0.09999990463256836
70.08,2.92,3.0,23.93655776977539,0.09999990463256836
70.24,2.92,3.0,23.93655776977539,0.09999990463256836
70.4,2.95,3.0,23.93655776977539,0.09999990463256836
70.56,2.95,3.0,24.041358947753906,0.09999990463256836
70.72,2.92,3.0,24.041358947753906,0.09999990463256836
70.88,2.95,3.0,24.041358947753906,0.09999990463256836
71.04,2.95,3.0,24.041358947753906,0.09999990463256836
71.2,2.95,3.0,24.041358947753906,0.09999990463256836
71.36,2.95,3.0,24.041358947753906,0.09999990463256836
71.52,2.92,3.0,24.041358947753906,0.09999990463256836
71.68,2.92,3.0,23.968759536743164,0.04999995231628418
71.84,2.92,3.0,23.968759536743164,0.04999995231628418
72.0,2.92,3.0,23.968759536743164,0.04999995231628418
72.16,2.92,3.0,23.968759536743164,0.04999995231628418
72.32,2.9,3.0,23.968759536743164,0.04999995231628418
72.48,2.9,3.0,23.968759536743164,0.04999995231628418
72.64,2.92,3.0,24.068241119384766,0.07999992370605469
72.8,2.9,3.0,24.068241119384766,0.07999992370605469
72.96,2.9,3.0,24.068241119384766,0.07999992370605469
73.12,2.9,3.0,24.068241119384766,0.07999992370605469
73.28,2.9,3.0,24.068241119384766,0.07999992370605469
73.44,2.9,3.0,24.068241119384766,0.07999992370605469
73.6,3.7,3.0,24.04207992553711,0.07999992370605469
73.76,3.7,3.0,24.04207992553711,0.07999992370605469
73.92,3.68,3.0,24.04207992553711,0.07999992370605469
74.08,3.68,3.0,24.04207992553711,0.07999992370605469
74.24,3.66,3.0,24.04207992553711,0.07999992370605469
74.4,3.66,3.0,24.04207992553711,0.07999992370605469
74.56,3.64,3.0,24.04207992553711,0.07999992370605469
74.72,3.64,3.0,22.838478088378906,-0.7000000476837158
74.88,3.64,3.0,22.838478088378906,-0.7000000476837158
75.04,3.64,3.0,22.838478088378906,-0.7000000476837158
75.2,3.64,3.0,22.838478088378906,-0.7000000476837158
75.36,3.64,3.0,22.838478088378906,-0.7000000476837158
75.52,3.66,3.0,22.838478088378906,-0.7000000476837158
75.68,3.64,3.0,23.672639846801758,-0.6400001049041748
75.84,3.66,3.0,23.672639846801758,-0.6400001049041748
76.0,3.64,3.0,23.672639846801758,-0.6400001049041748
76.16,3.62,3.0,23.672639846801758,-0.6400001049041748
76.32,3.62,3.0,23.672639846801758,-0.6400001049041748
76.48,3.6,3.0,23.672639846801758,-0.6400001049041748
76.64,3.62,3.0,23.581918716430664,-0.6400001049041748
76.8,2.82,3.0,23.581918716430664,-0.6400001049041748
76.96,2.82,3.0,23.581918716430664,-0.6400001049041748
77.12,2.84,3.0,23.581918716430664,-0.6400001049041748
77.28,2.84,3.0,23.581918716430664,-0.6400001049041748
77.44,2.89,3.0,23.581918716430664,-0.6400001049041748
77.6,2.88,3.0,23.581918716430664,-0.6400001049041748
77.76,2.9,3.0,23.58216094970703,-0.619999885559082
77.92,2.9,3.0,23.58216094970703,-0.619999885559082
78.08,2.9,3.0,23.58216094970703,-0.619999885559082
78.24,2.88,3.0,23.58216094970703,-0.619999885559082
78.4,2.86,3.0,23.58216094970703,-0.619999885559082
78.56,2.84,3.0,23.58216094970703,-0.619999885559082
78.72,2.84,3.0,24.67791748046875,0.11999988555908203
78.88,2.84,3.0,24.67791748046875,0.11999988555908203
79.04,2.8,3.0,24.67791748046875,0.11999988555908203
79.2,2.8,3.0,24.67791748046875,0.11999988555908203
79.36,2.82,3.0,24.67791748046875,0.11999988555908203
79.52,2.8,3.0,24.67791748046875,0.11999988555908203
79.68,2.8,3.0,24.006879806518555,0.16000008583068848
79.84,2.8,3.0,24.006879806518555,0.16000008583068848
80.0,2.78,3.0,24.006879806518555,0.16000008583068848
80.16,2.76,3.0,24.006879806518555,0.16000008583068848
80.32,2.76,3.0,24.006879806518555,0.16000008583068848
80.48,2.74,3.0,24.006879806518555,0.16000008583068848
80.64,2.7,3.0,24.006879806518555,0.16000008583068848
80.8,2.68,3.0,24.036479949951172,0.20000004768371582
80.96,2.63,3.0,24.036479949951172,0.20000004768371582
81.12,2.61,3.0,24.036479949951172,0.20000004768371582
81.28,2.61,3.0,24.036479949951172,0.20000004768371582
81.44,2.61,3.0,24.036479949951172,0.20000004768371582
81.6,2.61,3.0,24.036479949951172,0.20000004768371582
81.76,2.61,3.0,24.036479949951172,0.20000004768371582
81.92,2.61,3.0,24.036479949951172,0.20000004768371582
82.08,2.61,3.0,24.036479949951172,0.20000004768371582
82.24,2.64,3.0,24.036479949951172,0.20000004768371582
82.4,2.64,3.0,24.036479949951172,0.20000004768371582
82.56,2.64,3.0,24.036479949951172,0.20000004768371582
82.72,2.66,3.0,24.322038650512695,0.3900001049041748
82.88,2.66,3.0,24.322038650512695,0.3900001049041748
83.04,2.62,3.0,24.322038650512695,0.3900001049041748
83.2,2.64,3.0,24.322038650512695,0.3900001049041748
83.36,2.64,3.0,24.322038650512695,0.3900001049041748
83.52,2.61,3.0,24.322038650512695,0.3900001049041748
83.68,2.64,3.0,24.322038650512695,0.3900001049041748
83.84,2.64,3.0,24.073360443115234,0.3399999141693115
84.0,2.64,3.0,24.073360443115234,0.3399999141693115
84.16,2.68,3.0,24.073360443115234,0.3399999141693115
84.32,2.68,3.0,24.073360443115234,0.3399999141693115
84.48,2.66,3.0,24.073360443115234,0.3399999141693115
84.64,2.68,3.0,24.073360443115234,0.3399999141693115
84.8,2.7,3.0,24.170639038085938,0.3599998950958252
84.96,2.72,3.0,24.170639038085938,0.3599998950958252
85.12,2.7,3.0,24.170639038085938,0.3599998950958252
85.28,2.72,3.0,24.170639038085938,0.3599998950958252
85.44,2.7,3.0,24.170639038085938,0.3599998950958252
85.6,2.72,3.0,24.170639038085938,0.3599998950958252
85.76,2.7,3.0,24.077438354492188,0.2999999523162842
85.92,2.7,3.0,24.077438354492188,0.2999999523162842
86.08,2.7,3.0,24.077438354492188,0.2999999523162842
86.24,2.7,3.0,24.077438354492188,0.2999999523162842
86.4,2.68,3.0,24.077438354492188,0.2999999523162842
86.56,2.68,3.0,24.077438354492188,0.2999999523162842
86.72,2.68,3.0,24.077438354492188,0.2999999523162842
86.88,2.65,3.0,24.151838302612305,0.2999999523162842
87.04,2.65,3.0,24.151838302612305,0.2999999523162842
87.2,2.68,3.0,24.151838302612305,0.2999999523162842
87.36,2.65,3.0,24.151838302612305,0.2999999523162842
87.52,2.66,3.0,24.151838302612305,0.2999999523162842
87.68,2.65,3.0,24.151838302612305,0.2999999523162842
87.84,2.61,3.0,24.19719886779785,0.31999993324279785
88.0,2.59,3.0,24.19719886779785,0.31999993324279785
88.16,2.55,3.0,24.19719886779785,0.31999993324279785
88.32,2.53,3.0,24.19719886779785,0.31999993324279785
88.48,2.5,3.0,24.19719886779785,0.31999993324279785
88.64,2.49,3.0,24.19719886779785,0.31999993324279785
88.8,2.46,3.0,24.304039001464844,0.3900001049041748
88.96,2.44,3.0,24.304039001464844,0.3900001049041748
89.12,2.42,3.0,24.304039001464844,0.3900001049041748
89.28,2.4,3.0,24.304039001464844,0.3900001049041748
89.44,2.4,3.0,24.304039001464844,0.3900001049041748
89.6,2.38,3.0,24.304039001464844,0.3900001049041748
89.76,2.38,3.0,24.48495864868164,0.3900001049041748
89.92,2.38,3.0,24.48495864868164,0.5399999618530273
90.08,2.36,3.0,24.48495864868164,0.5399999618530273
90.24,2.36,3.0,24.48495864868164,0.5399999618530273
90.4,2.34,3.0,24.48495864868164,0.5399999618530273
90.56,2.34,3.0,24.48495864868164,0.5399999618530273
90.72,2.36,3.0,24.48495864868164,0.5399999618530273
90.88,2.36,3.0,24.484718322753906,0.619999885559082
91.04,2.38,3.0,24.484718322753906,0.619999885559082
91.2,2.38,3.0,24.484718322753906,0.619999885559082
91.36,2.42,3.0,24.484718322753906,0.619999885559082
91.52,2.44,3.0,24.484718322753906,0.619999885559082
91.68,2.47,3.0,24.484718322753906,0.619999885559082
91.84,2.49,3.0,24.470558166503906,0.6400001049041748
92.0,2.53,3.0,24.470558166503906,0.6400001049041748
92.16,2.55,3.0,24.470558166503906,0.6400001049041748
92.32,2.57,3.0,24.470558166503906,0.6400001049041748
92.48,2.62,3.0,24.470558166503906,0.6400001049041748
92.64,2.64,3.0,24.470558166503906,0.6400001049041748
92.8,2.68,3.0,24.470558166503906,0.6400001049041748
92.96,2.7,3.0,24.28003692626953,0.5099999904632568
93.12,2.7,3.0,24.28003692626953,0.5099999904632568
93.28,2.74,3.0,24.28003692626953,0.5099999904632568
93.44,2.74,3.0,24.28003692626953,0.5099999904632568
93.6,2.77,3.0,24.28003692626953,0.5099999904632568
93.76,2.79,3.0,24.28003692626953,0.5099999904632568
93.92,2.79,3.0,24.140398025512695,0.31999993324279785
94.08,2.81,3.0,24.140398025512695,0.31999993324279785
94.24,2.83,3.0,24.140398025512695,0.31999993324279785
94.4,2.87,3.0,24.140398025512695,0.31999993324279785
94.56,2.87,3.0,24.140398025512695,0.31999993324279785
94.72,2.89,3.0,24.140398025512695,0.31999993324279785
94.88,2.89,3.0,24.17715835571289,0.21000003814697266
95.04,2.93,3.0,24.17715835571289,0.21000003814697266
95.2,2.91,3.0,24.17715835571289,0.21000003814697266
95.36,2.91,3.0,24.17715835571289,0.21000003814697266
95.52,2.91,3.0,24.17715835571289,0.21000003814697266
95.68,2.91,3.0,24.17715835571289,0.21000003814697266
95.84,2.89,3.0,24.17715835571289,0.21000003814697266
96.0,2.91,3.0,24.142438888549805,0.1099998950958252
96.16,2.91,3.0,24.142438888549805,0.1099998950958252
96.32,2.93,3.0,24.142438888549805,0.1099998950958252
96.48,2.91,3.0,24.142438888549805,0.1099998950958252
96.64,2.93,3.0,24.142438888549805,0.1099998950958252
96.8,2.93,3.0,24.142438888549805,0.1099998950958252
96.96,2.93,3.0,24.247718811035156,0.1099998950958252
97.12,2.95,3.0,24.247718811035156,0.1099998950958252
97.28,2.95,3.0,24.247718811035156,0.1099998950958252
97.44,2.95,3.0,24.247718811035156,0.1099998950958252
97.6,2.95,3.0,24.247718811035156,0.1099998950958252
97.76,2.95,3.0,24.247718811035156,0.1099998950958252
97.92,2.95,3.0,24.191638946533203,0.06999993324279785
98.08,2.95,3.0,24.191638946533203,0.06999993324279785
98.24,2.93,3.0,24.191638946533203,0.06999993324279785
98.4,2.93,3.0,24.191638946533203,0.06999993324279785
98.56,2.95,3.0,24.191638946533203,0.06999993324279785
98.72,2.95,3.0,24.191638946533203,0.06999993324279785
98.88,2.95,3.0,24.204038619995117,0.04999995231628418
99.04,2.99,3.0,24.204038619995117,0.04999995231628418
99.2,2.97,3.0,24.204038619995117,0.04999995231628418
99.36,2.99,3.0,24.204038619995117,0.04999995231628418
99.52,2.99,3.0,24.204038619995117,0.04999995231628418
99.68,3.01,3.0,24.204038619995117,0.04999995231628418
99.84,3.01,3.0,24.204038619995117,0.04999995231628418
100.0,2.99,3.0,24.226438522338867,0.04999995231628418
100.16,2.99,3.0,24.226438522338867,0.04999995231628418
100.32,2.95,3.0,24.226438522338867,0.04999995231628418
100.48,2.95,3.0,24.226438522338867,0.04999995231628418
100.64,2.93,3.0,24.226438522338867,0.04999995231628418
100.8,2.91,3.0,24.226438522338867,0.04999995231628418
100.96,2.91,3.0,24.166996002197266,0.009999990463256836
101.12,2.91,3.0,24.166996002197266,0.009999990463256836
101.28,2.89,3.0,24.166996002197266,0.009999990463256836
101.44,2.89,3.0,24.166996002197266,0.009999990463256836
101.6,2.89,3.0,24.166996002197266,0.009999990463256836
101.76,2.87,3.0,24.166996002197266,0.009999990463256836
101.92,2.87,3.0,24.33131980895996,0.08999991416931152
102.08,2.85,3.0,24.33131980895996,0.08999991416931152
102.24,2.8,3.0,24.33131980895996,0.08999991416931152
102.4,2.8,3.0,24.33131980895996,0.08999991416931152
102.56,2.74,3.0,24.33131980895996,0.08999991416931152
102.72,2.72,3.0,24.33131980895996,0.08999991416931152
102.88,2.7,3.0,24.33131980895996,0.08999991416931152
103.04,2.66,3.0,24.31756019592285,0.13000011444091797
103.2,2.68,3.0,24.31756019592285,0.13000011444091797
103.36,2.66,3.0,24.31756019592285,0.13000011444091797
103.52,2.68,3.0,24.31756019592285,0.13000011444091797
103.68,2.66,3.0,24.31756019592285,0.13000011444091797
103.84,2.68,3.0,24.31756019592285,0.13000011444091797
104.0,2.66,3.0,24.61159896850586,0.3399999141693115
104.16,2.66,3.0,24.61159896850586,0.3399999141693115
104.32,2.64,3.0,24.61159896850586,0.3399999141693115
104.48,2.64,3.0,24.61159896850586,0.3399999141693115
104.64,2.64,3.0,24.61159896850586,0.3399999141693115
104.8,2.62,3.0,24.61159896850586,0.3399999141693115
104.96,2.64,3.0,24.417919158935547,0.3399999141693115
105.12,2.6,3.0,24.417919158935547,0.3399999141693115
105.28,2.6,3.0,24.417919158935547,0.3399999141693115
105.44,2.62,3.0,24.417919158935547,0.3399999141693115
105.6,2.6,3.0,24.417919158935547,0.3399999141693115
105.76,2.6,3.0,24.417919158935547,0.3399999141693115
105.92,2.6,3.0,24.417919158935547,0.3399999141693115
106.08,2.6,3.0,24.465198516845703,0.3599998950958252
106.24,2.64,3.0,24.465198516845703,0.3599998950958252
106.4,2.62,3.0,24.465198516845703,0.3599998950958252
106.56,2.64,3.0,24.465198516845703,0.3599998950958252
106.72,2.62,3.0,24.465198516845703,0.3599998950958252
106.88,2.64,3.0,24.465198516845703,0.3599998950958252
107.04,2.64,3.0,24.527599334716797,0.40000009536743164
107.2,2.64,3.0,24.527599334716797,0.40000009536743164
107.36,2.62,3.0,24.527599334716797,0.40000009536743164
107.52,2.62,3.0,24.527599334716797,0.40000009536743164
107.68,2.62,3.0,24.527599334716797,0.40000009536743164
107.84,2.6,3.0,24.527599334716797,0.40000009536743164
108.0,2.62,3.0,24.44487762451172,0.3599998950958252
108.16,2.62,3.0,24.44487762451172,0.3599998950958252
108.32,2.64,3.0,24.44487762451172,0.3599998950958252
108.48,2.66,3.0,24.44487762451172,0.3599998950958252
108.64,2.64,3.0,24.44487762451172,0.3599998950958252
108.8,2.64,3.0,24.44487762451172,0.3599998950958252
108.96,2.66,3.0,24.44487762451172,0.3599998950958252
109.12,2.66,3.0,24.533119201660156,0.38000011444091797
109.28,2.66,3.0,24.533119201660156,0.38000011444091797
109.44,2.64,3.0,24.533119201660156,0.38000011444091797
109.6,2.66,3.0,24.533119201660156,0.38000011444091797
109.76,2.62,3.0,24.533119201660156,0.38000011444091797
109.92,2.62,3.0,24.533119201660156,0.38000011444091797
110.08,2.62,3.0,24.472156524658203,0.3399999141693115
110.24,2.6,3.0,24.472156524658203,0.3399999141693115
110.4,2.6,3.0,24.472156524658203,0.3399999141693115
110.56,2.62,3.0,24.472156524658203,0.3399999141693115
110.72,2.62,3.0,24.472156524658203,0.3399999141693115
110.88,2.64,3.0,24.472156524658203,0.3399999141693115
111.04,2.64,3.0,24.59040069580078,0.38000011444091797
111.2,2.6,3.0,24.59040069580078,0.38000011444091797
111.36,2.58,3.0,24.59040069580078,0.38000011444091797
111.52,2.57,3.0,24.59040069580078,0.38000011444091797
111.68,2.55,3.0,24.59040069580078,0.38000011444091797
111.84,2.55,3.0,24.59040069580078,0.38000011444091797
112.0,2.55,3.0,24.59040069580078,0.38000011444091797
112.16,2.57,3.0,24.537677764892578,0.3599998950958252
112.32,2.57,3.0,24.537677764892578,0.3599998950958252
112.48,2.6,3.0,24.537677764892578,0.3599998950958252
112.64,2.57,3.0,24.537677764892578,0.3599998950958252
112.8,2.58,3.0,24.537677764892578,0.3599998950958252
112.96,2.6,3.0,24.537677764892578,0.3599998950958252
113.12,2.6,3.0,24.686758041381836,0.43000006675720215
113.28,2.57,3.0,24.686758041381836,0.43000006675720215
113.44,2.57,3.0,24.686758041381836,0.43000006675720215
113.6,2.58,3.0,24.686758041381836,0.43000006675720215
113.76,2.58,3.0,24.686758041381836,0.43000006675720215
113.92,2.58,3.0,24.686758041381836,0.43000006675720215
114.08,2.56,3.0,24.590957641601562,0.40000009536743164
114.24,2.58,3.0,24.590957641601562,0.40000009536743164
114.4,2.6,3.0,24.590957641601562,0.40000009536743164
114.56,2.62,3.0,24.590957641601562,0.40000009536743164
114.72,2.63,3.0,24.590957641601562,0.40000009536743164
114.88,2.63,3.0,24.590957641601562,0.40000009536743164
115.04,2.65,3.0,24.590957641601562,0.40000009536743164
115.2,2.67,3.0,24.702075958251953,0.440000057220459
115.36,2.65,3.0,24.702075958251953,0.440000057220459
115.52,2.65,3.0,24.702075958251953,0.440000057220459
115.68,2.65,3.0,24.702075958251953,0.440000057220459
115.84,2.68,3.0,24.702075958251953,0.440000057220459
116.0,2.65,3.0,24.702075958251953,0.440000057220459
116.16,2.68,3.0,24.51555824279785,0.3299999237060547
116.32,2.68,3.0,24.51555824279785,0.3299999237060547
116.48,2.7,3.0,24.51555824279785,0.3299999237060547
116.64,2.7,3.0,24.51555824279785,0.3299999237060547
116.8,2.7,3.0,24.51555824279785,0.3299999237060547
116.96,2.68,3.0,24.51555824279785,0.3299999237060547
117.12,2.7,3.0,24.625917434692383,0.31999993324279785
117.28,2.7,3.0,24.625917434692383,0.31999993324279785
117.44,2.7,3.0,24.625917434692383,0.31999993324279785
117.6,2.71,3.0,24.625917434692383,0.31999993324279785
117.76,2.71,3.0,24.625917434692383,0.31999993324279785
117.92,2.7,3.0,24.625917434692383,0.31999993324279785
118.08,2.73,3.0,24.625917434692383,0.31999993324279785
118.24,2.7,3.0,24.620317459106445,0.2999999523162842
118.4,2.68,3.0,24.620317459106445,0.2999999523162842
118.56,2.7,3.0,24.620317459106445,0.2999999523162842
118.72,2.72,3.0,24.620317459106445,0.2999999523162842
118.88,2.72,3.0,24.620317459106445,0.2999999523162842
119.04,2.72,3.0,24.620317459106445,0.2999999523162842
119.2,2.72,3.0,24.65711784362793,0.2999999523162842
119.36,2.72,3.0,24.65711784362793,0.2999999523162842
119.52,2.76,3.0,24.65711784362793,0.2999999523162842
119.68,2.76,3.0,24.65711784362793,0.2999999523162842
119.84,2.77,3.0,24.65711784362793,0.2999999523162842
120.0,2.8,3.0,24.65711784362793,0.2999999523162842
120.16,2.82,3.0,24.64055633544922,0.2799999713897705
120.32,2.81,3.0,24.64055633544922,0.2799999713897705
120.48,2.84,3.0,24.64055633544922,0.2799999713897705
120.64,2.82,3.0,24.64055633544922,0.2799999713897705
120.8,2.81,3.0,24.64055633544922,0.2799999713897705
120.96,2.81,3.0,24.64055633544922,0.2799999713897705
121.12,2.83,3.0,24.64055633544922,0.2799999713897705
121.28,2.81,3.0,24.519197463989258,0.18000006675720215
121.44,2.83,3.0,24.519197463989258,0.18000006675720215
121.6,2.87,3.0,24.519197463989258,0.18000006675720215
121.76,2.87,3.0,24.519197463989258,0.18000006675720215
121.92,2.85,3.0,24.519197463989258,0.18000006675720215
122.08,2.85,3.0,24.519197463989258,0.18000006675720215
122.24,2.87,3.0,24.644838333129883,0.19000005722045898
122.4,2.89,3.0,24.644838333129883,0.19000005722045898
122.56,2.89,3.0,24.644838333129883,0.19000005722045898
122.72,2.87,3.0,24.644838333129883,0.19000005722045898
122.88,2.85,3.0,24.644838333129883,0.19000005722045898
123.04,2.84,3.0,24.644838333129883,0.19000005722045898
123.2,2.85,3.0,24.55107879638672,0.13000011444091797
123.36,2.85,3.0,24.55107879638672,0.13000011444091797
123.52,2.82,3.0,24.55107879638672,0.13000011444091797
123.68,2.8,3.0,24.55107879638672,0.13000011444091797
123.84,2.82,3.0,24.55107879638672,0.13000011444091797
124.0,2.82,3.0,24.55107879638672,0.13000011444091797
124.16,2.82,3.0,24.55107879638672,0.13000011444091797
124.32,2.82,3.0,24.648279190063477,0.15000009536743164
124.48,2.82,3.0,24.648279190063477,0.15000009536743164
124.64,2.85,3.0,24.648279190063477,0.15000009536743164
124.8,2.82,3.0,24.648279190063477,0.15000009536743164
124.96,2.8,3.0,24.648279190063477,0.15000009536743164
125.12,2.78,3.0,24.648279190063477,0.15000009536743164
125.28,2.82,3.0,24.683359146118164,0.18000006675720215
125.44,2.8,3.0,24.683359146118164,0.18000006675720215
125.6,2.8,3.0,24.683359146118164,0.18000006675720215
125.76,2.8,3.0,24.683359146118164,0.18000006675720215
125.92,2.81,3.0,24.683359146118164,0.18000006675720215
126.08,2.79,3.0,24.683359146118164,0.18000006675720215
126.24,2.79,3.0,24.661998748779297,0.18000006675720215
126.4,2.79,3.0,24.661998748779297,0.18000006675720215
126.56,2.79,3.0,24.661998748779297,0.18000006675720215
126.72,2.79,3.0,24.661998748779297,0.18000006675720215
126.88,2.81,3.0,24.661998748779297,0.18000006675720215
127.04,2.83,3.0,24.661998748779297,0.18000006675720215
127.2,2.83,3.0,24.717077255249023,0.21000003814697266
127.36,2.85,3.0,24.717077255249023,0.21000003814697266
127.52,2.83,3.0,24.717077255249023,0.21000003814697266
127.68,2.83,3.0,24.717077255249023,0.21000003814697266
127.84,2.83,3.0,24.717077255249023,0.21000003814697266
128.0,2.85,3.0,24.717077255249023,0.21000003814697266
128.16,2.83,3.0,24.717077255249023,0.21000003814697266
128.32,2.83,3.0,24.635238647460938,0.1700000762939453
128.48,3.18,3.0,24.635238647460938,0.1700000762939453
128.64,3.2,3.0,24.635238647460938,0.1700000762939453
128.8,3.2,3.0,24.635238647460938,0.1700000762939453
128.96,3.18,3.0,24.635238647460938,0.1700000762939453
129.12,3.18,3.0,24.635238647460938,0.1700000762939453
129.28,3.18,3.0,24.684757232666016,0.1700000762939453
129.44,3.16,3.0,24.684757232666016,0.1700000762939453
129.6,3.14,3.0,24.684757232666016,0.1700000762939453
129.76,3.12,3.0,24.684757232666016,0.1700000762939453
129.92,3.1,3.0,24.684757232666016,0.1700000762939453
130.08,3.08,3.0,24.684757232666016,0.1700000762939453
130.24,3.06,3.0,24.684757232666016,0.1700000762939453
130.4,3.04,3.0,24.1511173248291,-0.18000006675720215
130.56,3.02,3.0,24.1511173248291,-0.18000006675720215
130.72,3.04,3.0,24.1511173248291,-0.18000006675720215
130.88,3.02,3.0,24.1511173248291,-0.18000006675720215
131.04,3.03,3.0,24.1511173248291,-0.18000006675720215
131.2,3.01,3.0,24.1511173248291,-0.18000006675720215
131.36,2.97,3.0,24.678237915039062,-0.059999942779541016
131.52,2.98,3.0,24.678237915039062,-0.059999942779541016
131.68,2.62,3.0,24.678237915039062,-0.059999942779541016
131.84,2.62,3.0,24.678237915039062,-0.059999942779541016
132.0,2.6,3.0,24.678237915039062,-0.059999942779541016
132.16,2.6,3.0,24.678237915039062,-0.059999942779541016
132.32,2.58,3.0,24.694917678833008,0.029999971389770508
132.48,2.56,3.0,24.694917678833008,0.029999971389770508
132.64,2.58,3.0,24.694917678833008,0.029999971389770508
132.8,2.58,3.0,24.694917678833008,0.029999971389770508
132.96,2.56,3.0,24.694917678833008,0.029999971389770508
133.12,2.55,3.0,24.694917678833008,0.029999971389770508
133.28,2.53,3.0,24.694917678833008,0.029999971389770508
133.44,2.51,3.0,25.2100772857666,0.4200000762939453
133.6,2.51,3.0,25.2100772857666,0.4200000762939453
133.76,2.51,3.0,25.2100772857666,0.4200000762939453
133.92,2.49,3.0,25.2100772857666,0.4200000762939453
134.08,2.47,3.0,25.2100772857666,0.4200000762939453
134.24,2.44,3.0,25.2100772857666,0.4200000762939453
134.4,2.44,3.0,24.91763687133789,0.4700000286102295
134.56,2.47,3.0,24.91763687133789,0.4700000286102295
134.72,2.47,3.0,24.91763687133789,0.4700000286102295
134.88,2.43,3.0,24.91763687133789,0.4700000286102295
135.04,2.41,3.0,24.91763687133789,0.4700000286102295
135.2,2.41,3.0,24.91763687133789,0.4700000286102295
135.36,2.41,3.0,25.033998489379883,0.559999942779541
135.52,2.41,3.0,25.033998489379883,0.559999942779541
135.68,2.43,3.0,25.033998489379883,0.559999942779541
135.84,2.43,3.0,25.033998489379883,0.559999942779541
136.0,2.43,3.0,25.033998489379883,0.559999942779541
136.16,2.47,3.0,25.033998489379883,0.559999942779541
136.32,3.11,3.0,25.033998489379883,0.559999942779541
136.48,3.14,3.0,25.017318725585938,0.5899999141693115
136.64,3.16,3.0,25.017318725585938,0.5899999141693115
136.8,3.16,3.0,25.017318725585938,0.5899999141693115
136.96,3.16,3.0,25.017318725585938,0.5899999141693115
137.12,3.18,3.0,25.017318725585938,0.5899999141693115
137.28,3.2,3.0,25.017318725585938,0.5899999141693115
137.44,3.22,3.0,23.884479522705078,-0.1400001049041748
137.6,3.24,3.0,23.884479522705078,-0.1400001049041748
137.76,3.24,3.0,23.884479522705078,-0.1400001049041748
137.92,3.26,3.0,23.884479522705078,-0.1400001049041748
138.08,3.28,3.0,23.884479522705078,-0.1400001049041748
138.24,3.28,3.0,23.884479522705078,-0.1400001049041748
138.4,3.3,3.0,24.483917236328125,-0.2200000286102295
138.56,3.32,3.0,24.483917236328125,-0.2200000286102295
138.72,3.34,3.0,24.483917236328125,-0.2200000286102295
138.88,3.36,3.0,24.483917236328125,-0.2200000286102295
139.04,3.38,3.0,24.483917236328125,-0.2200000286102295
139.2,3.42,3.0,24.483917236328125,-0.2200000286102295
139.36,3.4,3.0,24.483917236328125,-0.2200000286102295
139.52,2.8,3.0,24.42951774597168,-0.2999999523162842
139.68,2.82,3.0,24.42951774597168,-0.2999999523162842
139.84,2.84,3.0,24.42951774597168,-0.2999999523162842
140.0,2.86,3.0,24.42951774597168,-0.2999999523162842
140.16,2.86,3.0,24.42951774597168,-0.2999999523162842
140.32,2.86,3.0,24.42951774597168,-0.2999999523162842
140.48,2.88,3.0,24.340316772460938,-0.40000009536743164
140.64,2.86,3.0,24.340316772460938,-0.40000009536743164
140.8,2.86,3.0,24.340316772460938,-0.40000009536743164
140.96,2.89,3.0,24.340316772460938,-0.40000009536743164
141.12,2.89,3.0,24.340316772460938,-0.40000009536743164
141.28,2.86,3.0,24.340316772460938,-0.40000009536743164
141.44,2.88,3.0,25.22703742980957,0.11999988555908203
141.6,2.86,3.0,25.22703742980957,0.11999988555908203
141.76,2.84,3.0,25.22703742980957,0.11999988555908203
141.92,2.82,3.0,25.22703742980957,0.11999988555908203
142.08,2.8,3.0,25.22703742980957,0.11999988555908203
142.24,2.78,3.0,25.22703742980957,0.11999988555908203
142.4,2.74,3.0,24.712797164916992,0.11999988555908203
142.56,2.74,3.0,24.712797164916992,0.11999988555908203
142.72,2.68,3.0,24.712797164916992,0.11999988555908203
142.88,2.66,3.0,24.712797164916992,0.11999988555908203
143.04,2.62,3.0,24.712797164916992,0.11999988555908203
143.2,2.57,3.0,24.712797164916992,0.11999988555908203
143.36,2.57,3.0,24.712797164916992,0.11999988555908203
143.52,2.53,3.0,24.93527603149414,0.25999999046325684
143.68,2.51,3.0,24.93527603149414,0.25999999046325684
143.84,2.49,3.0,24.93527603149414,0.25999999046325684
144.0,2.47,3.0,24.93527603149414,0.25999999046325684
144.16,2.43,3.0,24.93527603149414,0.25999999046325684
144.32,2.38,3.0,24.93527603149414,0.25999999046325684
144.48,2.38,3.0,25.136600494384766,0.4700000286102295
144.64,2.36,3.0,25.136600494384766,0.4700000286102295
144.8,2.36,3.0,25.136600494384766,0.4700000286102295
144.96,2.36,3.0,25.136600494384766,0.4700000286102295
145.12,2.37,3.0,25.136600494384766,0.4700000286102295
145.28,2.36,3.0,25.136600494384766,0.4700000286102295
145.44,2.36,3.0,25.18135643005371,0.619999885559082
145.6,2.38,3.0,25.18135643005371,0.619999885559082
145.76,2.38,3.0,25.18135643005371,0.619999885559082
145.92,2.42,3.0,25.18135643005371,0.619999885559082
146.08,2.43,3.0,25.18135643005371,0.619999885559082
146.24,2.45,3.0,25.18135643005371,0.619999885559082
146.4,2.49,3.0,25.18135643005371,0.619999885559082
146.56,2.51,3.0,25.092079162597656,0.6400001049041748
146.72,2.53,3.0,25.092079162597656,0.6400001049041748
146.88,2.55,3.0,25.092079162597656,0.6400001049041748
147.04,2.57,3.0,25.092079162597656,0.6400001049041748
147.2,2.59,3.0,25.092079162597656,0.6400001049041748
147.36,2.61,3.0,25.092079162597656,0.6400001049041748
147.52,2.66,3.0,24.87451934814453,0.49000000953674316
147.68,2.68,3.0,24.87451934814453,0.49000000953674316
147.84,2.68,3.0,24.87451934814453,0.49000000953674316
148.0,2.7,3.0,24.87451934814453,0.49000000953674316
148.16,2.72,3.0,24.87451934814453,0.49000000953674316
148.32,2.74,3.0,24.87451934814453,0.49000000953674316
148.48,2.74,3.0,24.815837860107422,0.3399999141693115
148.64,2.74,3.0,24.815837860107422,0.3399999141693115
148.8,2.76,3.0,24.815837860107422,0.3399999141693115
148.96,2.78,3.0,24.815837860107422,0.3399999141693115
149.12,2.76,3.0,24.815837860107422,0.3399999141693115
149.28,2.78,3.0,24.815837860107422,0.3399999141693115
149.44,2.8,3.0,24.815837860107422,0.3399999141693115
149.6,2.8,3.0,24.85831642150879,0.25999999046325684
149.76,2.8,3.0,24.85831642150879,0.25999999046325684
149.92,2.8,3.0,24.85831642150879,0.25999999046325684
150.08,2.8,3.0,24.85831642150879,0.25999999046325684
150.24,2.82,3.0,24.85831642150879,0.25999999046325684
150.4,2.82,3.0,24.85831642150879,0.25999999046325684
150.56,2.85,3.0,24.85951805114746,0.20000004768371582
150.72,2.83,3.0,24.85951805114746,0.20000004768371582
150.88,2.83,3.0,24.85951805114746,0.20000004768371582
151.04,2.85,3.0,24.85951805114746,0.20000004768371582
151.2,2.85,3.0,24.85951805114746,0.20000004768371582
151.36,2.83,3.0,24.85951805114746,0.20000004768371582
151.52,2.81,3.0,24.85171890258789,0.15000009536743164
151.68,2.83,3.0,24.85171890258789,0.15000009536743164
151.84,2.83,3.0,24.85171890258789,0.15000009536743164
152.0,2.79,3.0,24.85171890258789,0.15000009536743164
152.16,2.77,3.0,24.85171890258789,0.15000009536743164
152.32,2.77,3.0,24.85171890258789,0.15000009536743164
152.48,2.77,3.0,24.85171890258789,0.15000009536743164
152.64,2.75,3.0,24.970836639404297,0.19000005722045898
152.8,2.73,3.0,24.970836639404297,0.19000005722045898
152.96,2.71,3.0,24.970836639404297,0.19000005722045898
153.12,2.73,3.0,24.970836639404297,0.19000005722045898
153.28,2.71,3.0,24.970836639404297,0.19000005722045898
153.44,2.71,3.0,24.970836639404297,0.19000005722045898
153.6,2.69,3.0,25.03483772277832,0.25
153.76,2.65,3.0,25.03483772277832,0.25
153.92,2.65,3.0,25.03483772277832,0.25
154.08,2.63,3.0,25.03483772277832,0.25
154.24,2.61,3.0,25.03483772277832,0.25
154.4,2.58,3.0,25.03483772277832,0.25
154.56,2.57,3.0,25.0797176361084,0.309999942779541
154.72,2.57,3.0,25.0797176361084,0.309999942779541
154.88,2.55,3.0,25.0797176361084,0.309999942779541
155.04,2.55,3.0,25.0797176361084,0.309999942779541
155.2,2.55,3.0,25.0797176361084,0.309999942779541
155.36,2.55,3.0,25.0797176361084,0.309999942779541
155.52,2.52,3.0,25.0797176361084,0.309999942779541
155.68,2.53,3.0,25.22035789489746,0.43000006675720215
155.84,2.51,3.0,25.22035789489746,0.43000006675720215
156.0,2.51,3.0,25.22035789489746,0.43000006675720215
156.16,2.52,3.0,25.22035789489746,0.43000006675720215
156.32,2.5,3.0,25.22035789489746,0.43000006675720215
156.48,2.5,3.0,25.22035789489746,0.43000006675720215
156.64,2.48,3.0,25.18667984008789,0.4700000286102295
156.8,2.46,3.0,25.18667984008789,0.4700000286102295
156.96,2.49,3.0,25.18667984008789,0.4700000286102295
157.12,2.49,3.0,25.18667984008789,0.4700000286102295
157.28,2.49,3.0,25.18667984008789,0.4700000286102295
157.44,2.48,3.0,25.18667984008789,0.4700000286102295
157.6,2.48,3.0,25.24663734436035,0.5199999809265137
157.76,2.48,3.0,25.24663734436035,0.5199999809265137
157.92,2.49,3.0,25.24663734436035,0.5199999809265137
158.08,2.49,3.0,25.24663734436035,0.5199999809265137
158.24,2.49,3.0,25.24663734436035,0.5199999809265137
158.4,2.47,3.0,25.24663734436035,0.5199999809265137
158.56,2.47,3.0,25.24663734436035,0.5199999809265137
158.72,2.49,3.0,25.22159767150879,0.5199999809265137
158.88,2.47,3.0,25.22159767150879,0.5199999809265137
159.04,2.49,3.0,25.22159767150879,0.5199999809265137
159.2,2.49,3.0,25.22159767150879,0.5199999809265137
159.36,2.48,3.0,25.22159767150879,0.5199999809265137
159.52,2.51,3.0,25.22159767150879,0.5199999809265137
159.68,2.5,3.0,25.22159767150879,0.5199999809265137
159.84,2.5,3.0,25.22159767150879,0.5199999809265137
160.0,2.52,3.0,25.22159767150879,0.5199999809265137
160.16,2.53,3.0,25.22159767150879,0.5199999809265137
160.32,2.55,3.0,25.22159767150879,0.5199999809265137
160.48,2.57,3.0,25.22159767150879,0.5199999809265137
160.64,2.59,3.0,25.24359703063965,0.5
160.8,2.59,3.0,25.24359703063965,0.5
160.96,2.62,3.0,25.24359703063965,0.5
161.12,2.64,3.0,25.24359703063965,0.5
161.28,2.66,3.0,25.24359703063965,0.5
161.44,2.66,3.0,25.24359703063965,0.5
161.6,2.67,3.0,25.24359703063965,0.5
161.76,2.69,3.0,25.148277282714844,0.4100000858306885
161.92,2.71,3.0,25.148277282714844,0.4100000858306885
162.08,2.75,3.0,25.148277282714844,0.4100000858306885
162.24,2.75,3.0,25.148277282714844,0.4100000858306885
162.4,2.77,3.0,25.148277282714844,0.4100000858306885
162.56,2.79,3.0,25.148277282714844,0.4100000858306885
162.72,2.81,3.0,25.10563850402832,0.309999942779541
162.88,2.81,3.0,25.10563850402832,0.309999942779541
163.04,2.83,3.0,25.10563850402832,0.309999942779541
163.2,2.85,3.0,25.10563850402832,0.309999942779541
163.36,2.83,3.0,25.10563850402832,0.309999942779541
163.52,2.83,3.0,25.10563850402832,0.309999942779541
163.68,2.85,3.0,25.03475570678711,0.19000005722045898
163.84,2.87,3.0,25.03475570678711,0.19000005722045898
164.0,2.87,3.0,25.03475570678711,0.19000005722045898
164.16,2.87,3.0,25.03475570678711,0.19000005722045898
164.32,2.87,3.0,25.03475570678711,0.19000005722045898
164.48,2.87,3.0,25.03475570678711,0.19000005722045898
164.64,2.89,3.0,25.03475570678711,0.19000005722045898
164.8,2.89,3.0,25.101959228515625,0.15000009536743164
164.96,2.87,3.0,25.101959228515625,0.15000009536743164
165.12,2.87,3.0,25.101959228515625,0.15000009536743164
165.28,2.87,3.0,25.101959228515625,0.15000009536743164
165.44,2.87,3.0,25.101959228515625,0.15000009536743164
165.6,2.87,3.0,25.101959228515625,0.15000009536743164
165.76,2.85,3.0,25.088117599487305,0.1099998950958252
165.92,2.83,3.0,25.088117599487305,0.1099998950958252
166.08,2.83,3.0,25.088117599487305,0.1099998950958252
166.24,2.83,3.0,25.088117599487305,0.1099998950958252
166.4,2.84,3.0,25.088117599487305,0.1099998950958252
166.56,2.84,3.0,25.088117599487305,0.1099998950958252
166.72,2.84,3.0,25.088117599487305,0.1099998950958252
166.88,2.8,3.0,25.19532012939453,0.15000009536743164
167.04,2.78,3.0,25.19532012939453,0.15000009536743164
167.2,2.8,3.0,25.19532012939453,0.15000009536743164
167.36,2.78,3.0,25.19532012939453,0.15000009536743164
167.52,2.78,3.0,25.19532012939453,0.15000009536743164
167.68,2.74,3.0,25.19532012939453,0.15000009536743164
167.84,2.71,3.0,25.177997589111328,0.16000008583068848
168.0,2.72,3.0,25.177997589111328,0.16000008583068848
168.16,2.74,3.0,25.177997589111328,0.16000008583068848
168.32,2.74,3.0,25.177997589111328,0.16000008583068848
168.48,2.72,3.0,25.177997589111328,0.16000008583068848
168.64,2.76,3.0,25.177997589111328,0.16000008583068848
168.8,2.74,3.0,25.379236221313477,0.28999996185302734
168.96,2.76,3.0,25.379236221313477,0.28999996185302734
169.12,2.76,3.0,25.379236221313477,0.28999996185302734
169.28,2.78,3.0,25.379236221313477,0.28999996185302734
169.44,2.78,3.0,25.379236221313477,0.28999996185302734
169.6,2.79,3.0,25.379236221313477,0.28999996185302734
169.76,2.82,3.0,25.216716766357422,0.25999999046325684
169.92,2.8,3.0,25.216716766357422,0.25999999046325684
170.08,2.82,3.0,25.216716766357422,0.25999999046325684
170.24,2.84,3.0,25.216716766357422,0.25999999046325684
170.4,2.84,3.0,25.216716766357422,0.25999999046325684
170.56,2.86,3.0,25.216716766357422,0.25999999046325684
170.72,2.86,3.0,25.216716766357422,0.25999999046325684
170.88,2.92,3.0,25.135358810424805,0.18000006675720215
171.04,2.97,3.0,25.135358810424805,0.18000006675720215
171.2,3.01,3.0,25.135358810424805,0.18000006675720215
171.36,3.03,3.0,25.135358810424805,0.18000006675720215
171.52,3.03,3.0,25.135358810424805,0.18000006675720215
171.68,3.04,3.0,25.135358810424805,0.18000006675720215
171.84,3.02,3.0,25.162078857421875,0.1400001049041748
172.0,3.05,3.0,25.162078857421875,0.1400001049041748
172.16,3.45,3.0,25.162078857421875,0.1400001049041748
172.32,3.47,3.0,25.162078857421875,0.1400001049041748
172.48,3.47,3.0,25.162078857421875,0.1400001049041748
172.64,3.47,3.0,25.162078857421875,0.1400001049041748
172.8,3.45,3.0,24.960956573486328,-0.019999980926513672
172.96,3.42,3.0,24.960956573486328,-0.019999980926513672
173.12,3.44,3.0,24.960956573486328,-0.019999980926513672
174.24,3.5,3.0,24.454357147216797,-0.4500000476837158
174.4,3.66,3.0,24.454357147216797,-0.4500000476837158
174.56,3.69,3.0,24.454357147216797,-0.4500000476837158
174.72,3.69,3.0,24.454357147216797,-0.4500000476837158
174.88,3.66,3.0,24.454357147216797,-0.4500000476837158
175.04,3.66,3.0,24.773357391357422,-0.5
175.2,3.62,3.0,24.773357391357422,-0.5
175.36,3.6,3.0,24.773357391357422,-0.5
175.52,3.58,3.0,24.773357391357422,-0.5
175.68,3.58,3.0,24.773357391357422,-0.5
175.84,3.58,3.0,24.773357391357422,-0.5
176.0,3.58,3.0,24.773357391357422,-0.5
176.16,3.58,3.0,24.773357391357422,-0.5
176.32,3.15,3.0,24.773357391357422,-0.5
176.48,3.15,3.0,24.773357391357422,-0.5
176.64,3.18,3.0,24.773357391357422,-0.5
176.8,3.18,3.0,24.773357391357422,-0.5
176.96,3.2,3.0,24.65231704711914,-0.5799999237060547
177.12,3.22,3.0,24.65231704711914,-0.5799999237060547
177.28,3.22,3.0,24.65231704711914,-0.5799999237060547
177.44,3.19,3.0,24.65231704711914,-0.5799999237060547
177.6,3.04,3.0,24.65231704711914,-0.5799999237060547
177.76,3.04,3.0,24.65231704711914,-0.5799999237060547
177.92,3.04,3.0,25.292715072631836,-0.20000004768371582
178.08,3.06,3.0,25.292715072631836,-0.20000004768371582
178.24,3.06,3.0,25.292715072631836,-0.20000004768371582
178.4,3.08,3.0,25.292715072631836,-0.20000004768371582
178.56,3.11,3.0,25.292715072631836,-0.20000004768371582
178.72,3.11,3.0,25.292715072631836,-0.20000004768371582
178.88,3.13,3.0,25.15079689025879,-0.039999961853027344
179.04,3.11,3.0,25.15079689025879,-0.039999961853027344
179.2,3.13,3.0,25.15079689025879,-0.039999961853027344
179.36,3.13,3.0,25.15079689025879,-0.039999961853027344
179.52,3.15,3.0,25.15079689025879,-0.039999961853027344
179.68,3.13,3.0,25.15079689025879,-0.039999961853027344
179.84,3.11,3.0,25.15079689025879,-0.039999961853027344
180.0,3.13,3.0,24.84955596923828,-0.13000011444091797
180.16,3.13,3.0,24.84955596923828,-0.13000011444091797
180.32,3.13,3.0,24.84955596923828,-0.13000011444091797
180.48,3.13,3.0,24.84955596923828,-0.13000011444091797
180.64,3.13,3.0,24.84955596923828,-0.13000011444091797
180.8,3.11,3.0,24.84955596923828,-0.13000011444091797
180.96,3.09,3.0,24.964277267456055,-0.1099998950958252
181.12,3.09,3.0,24.964277267456055,-0.1099998950958252
181.28,3.09,3.0,24.964277267456055,-0.1099998950958252
181.44,3.05,3.0,24.964277267456055,-0.1099998950958252
181.6,3.04,3.0,24.964277267456055,-0.1099998950958252
181.76,3.02,3.0,24.964277267456055,-0.1099998950958252
181.92,3.02,3.0,24.96923828125,-0.08999991416931152
182.08,3.0,3.0,24.96923828125,-0.08999991416931152
182.24,2.98,3.0,24.96923828125,-0.08999991416931152
182.4,2.96,3.0,24.96923828125,-0.08999991416931152
182.56,2.96,3.0,24.96923828125,-0.08999991416931152
182.72,2.96,3.0,24.96923828125,-0.08999991416931152
182.88,2.95,3.0,24.96923828125,-0.08999991416931152
183.04,2.93,3.0,25.05327606201172,-0.019999980926513672
183.2,2.91,3.0,25.05327606201172,-0.019999980926513672
183.36,2.87,3.0,25.05327606201172,-0.019999980926513672
183.52,2.87,3.0,25.05327606201172,-0.019999980926513672
183.68,2.87,3.0,25.05327606201172,-0.019999980926513672
183.84,2.82,3.0,25.05327606201172,-0.019999980926513672
184.0,2.83,3.0,25.090675354003906,0.04999995231628418
184.16,2.83,3.0,25.090675354003906,0.04999995231628418
184.32,2.81,3.0,25.090675354003906,0.04999995231628418
184.48,2.81,3.0,25.090675354003906,0.04999995231628418
184.64,2.78,3.0,25.090675354003906,0.04999995231628418
184.8,2.81,3.0,25.090675354003906,0.04999995231628418
184.96,2.78,3.0,25.21019744873047,0.1700000762939453
185.12,2.76,3.0,25.21019744873047,0.1700000762939453
185.28,2.74,3.0,25.21019744873047,0.1700000762939453
185.44,3.16,3.0,25.21019744873047,0.1700000762939453
185.6,3.16,3.0,25.21019744873047,0.1700000762939453
185.76,3.14,3.0,25.21019744873047,0.1700000762939453
185.92,3.12,3.0,25.21019744873047,0.1700000762939453
186.08,3.1,3.0,25.175756454467773,0.2200000286102295
186.24,3.08,3.0,25.175756454467773,0.2200000286102295
186.4,3.08,3.0,25.175756454467773,0.2200000286102295
186.56,3.08,3.0,25.175756454467773,0.2200000286102295
186.72,3.06,3.0,25.175756454467773,0.2200000286102295
186.88,3.02,3.0,25.175756454467773,0.2200000286102295
187.04,3.0,3.0,24.609996795654297,-0.11999988555908203
187.2,3.0,3.0,24.609996795654297,-0.11999988555908203
187.36,2.97,3.0,24.609996795654297,-0.11999988555908203
187.52,2.95,3.0,24.609996795654297,-0.11999988555908203
187.68,2.95,3.0,24.609996795654297,-0.11999988555908203
187.84,2.93,3.0,24.609996795654297,-0.11999988555908203
188.0,2.91,3.0,25.12999725341797,0.0
188.16,2.91,3.0,25.12999725341797,0.0
188.32,2.91,3.0,25.12999725341797,0.0
188.48,2.91,3.0,25.12999725341797,0.0
188.64,2.47,3.0,25.12999725341797,0.0
188.8,2.45,3.0,25.12999725341797,0.0
188.96,2.47,3.0,25.12999725341797,0.0
189.12,2.47,3.0,25.14931869506836,0.08999991416931152
189.28,2.47,3.0,25.14931869506836,0.08999991416931152
189.44,2.45,3.0,25.14931869506836,0.08999991416931152
189.6,2.45,3.0,25.14931869506836,0.08999991416931152
189.76,2.41,3.0,25.14931869506836,0.08999991416931152
189.92,2.43,3.0,25.14931869506836,0.08999991416931152
190.08,2.45,3.0,25.7447566986084,0.5299999713897705
190.24,2.45,3.0,25.7447566986084,0.5299999713897705
190.4,2.43,3.0,25.7447566986084,0.5299999713897705
190.56,2.45,3.0,25.7447566986084,0.5299999713897705
190.72,2.43,3.0,25.7447566986084,0.5299999713897705
190.88,2.41,3.0,25.7447566986084,0.5299999713897705
191.04,2.43,3.0,25.365558624267578,0.5499999523162842
191.2,2.41,3.0,25.365558624267578,0.5499999523162842
191.36,2.41,3.0,25.365558624267578,0.5499999523162842
191.52,2.38,3.0,25.365558624267578,0.5499999523162842
191.68,2.38,3.0,25.365558624267578,0.5499999523162842
191.84,2.39,3.0,25.365558624267578,0.5499999523162842
192.0,2.41,3.0,25.365558624267578,0.5499999523162842
192.16,2.39,3.0,25.402917861938477,0.5699999332427979
192.32,2.39,3.0,25.402917861938477,0.5699999332427979
192.48,2.39,3.0,25.402917861938477,0.5699999332427979
192.64,2.4,3.0,25.402917861938477,0.5699999332427979
192.8,2.4,3.0,25.402917861938477,0.5699999332427979
192.96,2.41,3.0,25.402917861938477,0.5699999332427979
193.12,2.4,3.0,25.441238403320312,0.5899999141693115
194.4,2.49,3.0,25.469837188720703,0.5999999046325684
194.56,2.52,3.0,25.469837188720703,0.5999999046325684
194.72,2.56,3.0,25.469837188720703,0.5999999046325684
194.88,2.54,3.0,25.469837188720703,0.5999999046325684
195.04,2.56,3.0,25.469837188720703,0.5999999046325684
195.2,2.58,3.0,25.35747718811035,0.5099999904632568
195.36,2.58,3.0,25.35747718811035,0.5099999904632568
195.52,2.62,3.0,25.35747718811035,0.5099999904632568
195.68,2.6,3.0,25.35747718811035,0.5099999904632568
195.84,2.62,3.0,25.35747718811035,0.5099999904632568
196.0,2.64,3.0,25.35747718811035,0.5099999904632568
196.16,2.62,3.0,25.35747718811035,0.5099999904632568
196.32,2.62,3.0,25.32927703857422,0.4200000762939453
196.48,2.62,3.0,25.32927703857422,0.4200000762939453
196.64,2.62,3.0,25.32927703857422,0.4200000762939453
196.8,2.64,3.0,25.32927703857422,0.4200000762939453
196.96,2.64,3.0,25.32927703857422,0.4200000762939453
197.12,2.64,3.0,25.32927703857422,0.4200000762939453
197.28,2.67,3.0,25.377517700195312,0.38000011444091797
197.44,2.67,3.0,25.377517700195312,0.38000011444091797
197.6,2.58,3.0,25.377517700195312,0.38000011444091797
197.76,2.58,3.0,25.377517700195312,0.38000011444091797
197.92,2.56,3.0,25.377517700195312,0.38000011444091797
198.08,2.56,3.0,25.377517700195312,0.38000011444091797
198.24,2.56,3.0,25.361000061035156,0.3299999237060547
198.4,2.53,3.0,25.361000061035156,0.3299999237060547
198.56,2.56,3.0,25.361000061035156,0.3299999237060547
198.72,2.55,3.0,25.361000061035156,0.3299999237060547
198.88,2.57,3.0,25.361000061035156,0.3299999237060547
199.04,2.57,3.0,25.361000061035156,0.3299999237060547
199.2,2.55,3.0,25.597118377685547,0.440000057220459
199.36,2.58,3.0,25.597118377685547,0.440000057220459
199.52,2.58,3.0,25.597118377685547,0.440000057220459
199.68,2.6,3.0,25.597118377685547,0.440000057220459
199.84,2.6,3.0,25.597118377685547,0.440000057220459
200.0,2.6,3.0,25.597118377685547,0.440000057220459
200.16,2.6,3.0,25.597118377685547,0.440000057220459
200.32,2.6,3.0,25.523717880249023,0.4500000476837158
200.48,2.62,3.0,25.523717880249023,0.4500000476837158
200.64,2.62,3.0,25.523717880249023,0.4500000476837158
200.8,2.59,3.0,25.523717880249023,0.4500000476837158
200.96,2.57,3.0,25.523717880249023,0.4500000476837158
201.12,2.59,3.0,25.523717880249023,0.4500000476837158
201.28,2.62,3.0,25.45792007446289,0.40000009536743164
201.44,2.64,3.0,25.45792007446289,0.40000009536743164
201.6,2.66,3.0,25.45792007446289,0.40000009536743164
201.76,2.64,3.0,25.45792007446289,0.40000009536743164
201.92,2.62,3.0,25.45792007446289,0.40000009536743164
202.08,2.64,3.0,25.45792007446289,0.40000009536743164
202.24,2.66,3.0,25.499197006225586,0.38000011444091797
202.4,2.68,3.0,25.499197006225586,0.38000011444091797
202.56,2.7,3.0,25.499197006225586,0.38000011444091797
202.72,2.7,3.0,25.499197006225586,0.38000011444091797
202.88,2.72,3.0,25.499197006225586,0.38000011444091797
203.04,2.74,3.0,25.499197006225586,0.38000011444091797
203.2,2.74,3.0,25.47551727294922,0.3399999141693115
203.36,2.76,3.0,25.47551727294922,0.3399999141693115
203.52,2.78,3.0,25.47551727294922,0.3399999141693115
203.68,2.78,3.0,25.47551727294922,0.3399999141693115
203.84,2.78,3.0,25.47551727294922,0.3399999141693115
204.0,2.83,3.0,25.47551727294922,0.3399999141693115
204.16,2.87,3.0,25.47551727294922,0.3399999141693115
204.32,2.85,3.0,25.407997131347656,0.25999999046325684
204.48,2.85,3.0,25.407997131347656,0.25999999046325684
204.64,2.86,3.0,25.407997131347656,0.25999999046325684
204.8,2.9,3.0,25.407997131347656,0.25999999046325684
204.96,2.92,3.0,25.407997131347656,0.25999999046325684
205.12,2.94,3.0,25.407997131347656,0.25999999046325684
205.28,2.96,3.0,25.299238204956055,0.13000011444091797
205.44,2.96,3.0,25.299238204956055,0.13000011444091797
205.6,3.37,3.0,25.299238204956055,0.13000011444091797
205.76,3.35,3.0,25.299238204956055,0.13000011444091797
205.92,3.39,3.0,25.299238204956055,0.13000011444091797
206.08,3.39,3.0,25.299238204956055,0.13000011444091797
206.24,3.4,3.0,25.296478271484375,0.039999961853027344
206.4,3.4,3.0,25.296478271484375,0.039999961853027344
206.56,3.4,3.0,25.296478271484375,0.039999961853027344
206.72,3.42,3.0,25.296478271484375,0.039999961853027344
206.88,3.42,3.0,25.296478271484375,0.039999961853027344
207.04,3.46,3.0,25.296478271484375,0.039999961853027344
207.2,3.45,3.0,25.296478271484375,0.039999961853027344
207.36,3.45,3.0,24.707275390625,-0.40000009536743164
207.52,3.45,3.0,24.707275390625,-0.40000009536743164
207.68,3.47,3.0,24.707275390625,-0.40000009536743164
207.84,3.47,3.0,24.707275390625,-0.40000009536743164
208.0,3.45,3.0,24.707275390625,-0.40000009536743164
208.16,3.45,3.0,24.707275390625,-0.40000009536743164
208.32,3.45,3.0,25.050678253173828,-0.4500000476837158
208.48,3.45,3.0,25.050678253173828,-0.4500000476837158
208.64,3.47,3.0,25.050678253173828,-0.4500000476837158
208.8,3.06,3.0,25.050678253173828,-0.4500000476837158
208.96,3.08,3.0,25.050678253173828,-0.4500000476837158
209.12,3.05,3.0,25.050678253173828,-0.4500000476837158
209.28,3.05,3.0,25.075477600097656,-0.4500000476837158
209.44,3.07,3.0,25.075477600097656,-0.4500000476837158
209.6,3.05,3.0,25.075477600097656,-0.4500000476837158
209.76,3.05,3.0,25.075477600097656,-0.4500000476837158
209.92,3.05,3.0,25.075477600097656,-0.4500000476837158
210.08,3.02,3.0,25.075477600097656,-0.4500000476837158
210.24,3.0,3.0,25.673076629638672,-0.4500000476837158
210.4,2.96,3.0,25.673076629638672,-0.04999995231628418
210.56,2.94,3.0,25.673076629638672,-0.04999995231628418
210.72,2.94,3.0,25.673076629638672,-0.04999995231628418
210.88,2.89,3.0,25.673076629638672,-0.04999995231628418
211.04,2.89,3.0,25.673076629638672,-0.04999995231628418
211.2,2.94,3.0,25.673076629638672,-0.04999995231628418
211.36,2.94,3.0,25.34807586669922,0.0
211.52,2.94,3.0,25.34807586669922,0.0
211.68,2.92,3.0,25.34807586669922,0.0
211.84,2.92,3.0,25.34807586669922,0.0
212.0,2.92,3.0,25.34807586669922,0.0
212.16,2.92,3.0,25.34807586669922,0.0
212.32,2.92,3.0,25.391437530517578,0.059999942779541016
212.48,2.9,3.0,25.391437530517578,0.059999942779541016
212.64,2.88,3.0,25.391437530517578,0.059999942779541016
212.8,2.93,3.0,25.391437530517578,0.059999942779541016
212.96,2.98,3.0,25.391437530517578,0.059999942779541016
213.12,2.98,3.0,25.391437530517578,0.059999942779541016
213.28,3.04,3.0,25.391437530517578,0.059999942779541016
213.44,3.04,3.0,25.365278244018555,0.07999992370605469
213.6,3.08,3.0,25.365278244018555,0.07999992370605469
213.76,3.08,3.0,25.365278244018555,0.07999992370605469
213.92,3.12,3.0,25.365278244018555,0.07999992370605469
214.08,3.14,3.0,25.365278244018555,0.07999992370605469
214.24,3.15,3.0,25.365278244018555,0.07999992370605469
214.4,3.12,3.0,25.365278244018555,0.07999992370605469
214.56,3.9,3.0,25.365278244018555,0.07999992370605469
214.72,3.89,3.0,25.365278244018555,0.07999992370605469
214.88,3.91,3.0,25.365278244018555,0.07999992370605469
215.04,3.89,3.0,25.365278244018555,0.07999992370605469
215.2,3.91,3.0,25.365278244018555,0.07999992370605469
215.36,3.91,3.0,25.032798767089844,-0.11999988555908203
215.52,3.91,3.0,25.032798767089844,-0.11999988555908203
215.68,3.94,3.0,25.032798767089844,-0.11999988555908203
215.84,3.93,3.0,25.032798767089844,-0.11999988555908203
216.0,3.93,3.0,25.032798767089844,-0.11999988555908203
216.16,3.88,3.0,25.032798767089844,-0.11999988555908203
216.32,3.87,3.0,24.00411605834961,-0.9100000858306885
216.48,3.85,3.0,24.00411605834961,-0.9100000858306885
216.64,3.85,3.0,24.00411605834961,-0.9100000858306885
216.8,3.87,3.0,24.00411605834961,-0.9100000858306885
216.96,3.87,3.0,24.00411605834961,-0.9100000858306885
217.12,3.85,3.0,24.00411605834961,-0.9100000858306885
217.28,3.85,3.0,24.00411605834961,-0.9100000858306885
217.44,3.87,3.0,24.812358856201172,-0.869999885559082
217.6,3.87,3.0,24.812358856201172,-0.869999885559082
217.76,3.09,3.0,24.812358856201172,-0.869999885559082
217.92,3.09,3.0,24.812358856201172,-0.869999885559082
218.08,3.09,3.0,24.812358856201172,-0.869999885559082
218.24,3.09,3.0,24.812358856201172,-0.869999885559082
218.4,3.07,3.0,24.723636627197266,-0.869999885559082
218.56,3.09,3.0,24.723636627197266,-0.869999885559082
218.72,3.09,3.0,24.723636627197266,-0.869999885559082
218.88,3.09,3.0,24.723636627197266,-0.869999885559082
219.04,3.11,3.0,24.723636627197266,-0.869999885559082
219.2,3.11,3.0,24.723636627197266,-0.869999885559082
219.36,3.11,3.0,25.920276641845703,-0.06999993324279785
219.52,3.09,3.0,25.920276641845703,-0.06999993324279785
219.68,3.09,3.0,25.920276641845703,-0.06999993324279785
219.84,3.11,3.0,25.920276641845703,-0.06999993324279785
220.0,3.09,3.0,25.920276641845703,-0.06999993324279785
220.16,3.09,3.0,25.920276641845703,-0.06999993324279785
220.32,3.11,3.0,25.920276641845703,-0.06999993324279785
220.48,3.11,3.0,25.054996490478516,-0.1099998950958252
220.64,3.09,3.0,25.054996490478516,-0.1099998950958252
220.8,3.09,3.0,25.054996490478516,-0.1099998950958252
220.96,3.09,3.0,25.054996490478516,-0.1099998950958252
221.12,3.09,3.0,25.054996490478516,-0.1099998950958252
221.28,3.09,3.0,25.054996490478516,-0.1099998950958252
221.44,3.11,3.0,25.088836669921875,-0.1099998950958252
221.6,3.11,3.0,25.088836669921875,-0.1099998950958252
221.76,3.11,3.0,25.088836669921875,-0.1099998950958252
221.92,3.13,3.0,25.088836669921875,-0.1099998950958252
222.08,3.11,3.0,25.088836669921875,-0.1099998950958252
222.24,3.07,3.0,25.088836669921875,-0.1099998950958252
222.4,3.54,3.0,25.08355712890625,-0.1099998950958252
222.56,3.54,3.0,25.08355712890625,-0.1099998950958252
222.72,3.54,3.0,25.08355712890625,-0.1099998950958252
222.88,3.54,3.0,25.08355712890625,-0.1099998950958252
223.04,3.54,3.0,25.08355712890625,-0.1099998950958252
223.2,3.54,3.0,25.08355712890625,-0.1099998950958252
223.36,3.54,3.0,25.08355712890625,-0.1099998950958252
223.52,3.54,3.0,24.412635803222656,-0.5399999618530273
223.68,3.54,3.0,24.412635803222656,-0.5399999618530273
223.84,3.54,3.0,24.412635803222656,-0.5399999618530273
224.0,3.52,3.0,24.412635803222656,-0.5399999618530273
224.16,3.54,3.0,24.412635803222656,-0.5399999618530273
224.32,3.54,3.0,24.412635803222656,-0.5399999618530273
224.48,3.5,3.0,24.812397003173828,-0.5399999618530273
224.64,3.46,3.0,24.812397003173828,-0.5399999618530273
224.8,3.44,3.0,24.812397003173828,-0.5399999618530273
224.96,3.38,3.0,24.812397003173828,-0.5399999618530273
225.12,3.34,3.0,24.812397003173828,-0.5399999618530273
225.28,3.32,3.0,24.812397003173828,-0.5399999618530273
225.44,3.29,3.0,24.84839630126953,-0.5
225.6,2.76,3.0,24.84839630126953,-0.5
225.76,2.72,3.0,24.84839630126953,-0.5
225.92,2.66,3.0,24.84839630126953,-0.5
226.08,2.59,3.0,24.84839630126953,-0.5
226.24,2.51,3.0,24.84839630126953,-0.5
226.4,2.45,3.0,24.84839630126953,-0.5
226.56,2.39,3.0,25.109477996826172,-0.28999996185302734
226.72,2.28,3.0,25.109477996826172,-0.28999996185302734
226.88,2.22,3.0,25.109477996826172,-0.28999996185302734
227.04,2.14,3.0,25.109477996826172,-0.28999996185302734
227.2,2.03,3.0,25.109477996826172,-0.28999996185302734
227.36,1.92,3.0,25.109477996826172,-0.28999996185302734
227.52,1.8,3.0,25.109477996826172,-0.28999996185302734
227.68,1.71,3.0,25.109477996826172,-0.28999996185302734
227.84,1.61,3.0,25.109477996826172,-0.28999996185302734
228.0,1.51,3.0,25.109477996826172,-0.28999996185302734
228.16,1.4,3.0,25.109477996826172,-0.28999996185302734
228.32,1.3,3.0,25.109477996826172,-0.28999996185302734
228.48,1.17,3.0,27.25927734375,1.2000000476837158
228.64,1.09,3.0,27.25927734375,1.2000000476837158
228.8,1.01,3.0,27.25927734375,1.2000000476837158
228.96,0.92,3.0,27.25927734375,1.2000000476837158
229.12,0.84,3.0,27.25927734375,1.2000000476837158
229.28,0.77,3.0,27.25927734375,1.2000000476837158
229.44,0.69,3.0,27.25927734375,1.2000000476837158
229.6,0.61,3.0,26.80211639404297,1.8300000429153442
229.76,0.52,3.0,26.80211639404297,1.8300000429153442
229.92,0.46,3.0,26.80211639404297,1.8300000429153442
230.08,0.38,3.0,26.80211639404297,1.8300000429153442
230.24,0.31,3.0,26.80211639404297,1.8300000429153442
230.4,0.29,3.0,26.80211639404297,1.8300000429153442
230.56,0.23,3.0,27.14595603942871,2.3899998664855957
230.72,0.23,3.0,27.14595603942871,2.3899998664855957
230.88,0.22,3.0,27.14595603942871,2.3899998664855957
231.04,0.2,3.0,27.14595603942871,2.3899998664855957
231.2,0.2,3.0,27.14595603942871,2.3899998664855957
231.36,0.22,3.0,27.14595603942871,2.3899998664855957
231.52,0.2,3.0,27.288917541503906,2.7699999809265137
231.68,0.2,3.0,27.288917541503906,2.7699999809265137
231.84,0.18,3.0,27.288917541503906,2.7699999809265137
232.0,0.17,3.0,27.288917541503906,2.7699999809265137
232.16,0.15,3.0,27.288917541503906,2.7699999809265137
232.32,0.17,3.0,27.288917541503906,2.7699999809265137
232.48,0.17,3.0,27.288917541503906,2.7699999809265137
232.64,0.19,3.0,27.08831787109375,2.799999952316284
232.8,0.19,3.0,27.08831787109375,2.799999952316284
232.96,0.19,3.0,27.08831787109375,2.799999952316284
233.12,0.19,3.0,27.08831787109375,2.799999952316284
233.28,0.19,3.0,27.08831787109375,2.799999952316284
233.44,0.19,3.0,27.08831787109375,2.799999952316284
233.6,0.17,3.0,27.23067855834961,2.809999942779541
233.76,0.17,3.0,27.23067855834961,2.809999942779541
233.92,0.15,3.0,27.23067855834961,2.809999942779541
234.08,0.12,3.0,27.23067855834961,2.809999942779541
234.24,0.12,3.0,27.23067855834961,2.809999942779541
234.4,0.1,3.0,27.23067855834961,2.809999942779541
234.56,0.08,3.0,27.386520385742188,2.8299999237060547
234.72,0.08,3.0,27.386520385742188,2.8299999237060547
234.88,0.1,3.0,27.386520385742188,2.8299999237060547
235.04,0.1,3.0,27.386520385742188,2.8299999237060547
235.2,0.08,3.0,27.386520385742188,2.8299999237060547
235.36,0.08,3.0,27.386520385742188,2.8299999237060547
235.52,0.08,3.0,27.386520385742188,2.8299999237060547
235.68,0.06,3.0,27.64167594909668,2.9200000762939453
235.84,0.06,3.0,27.64167594909668,2.9200000762939453
236.0,0.06,3.0,27.64167594909668,2.9200000762939453
236.16,0.06,3.0,27.64167594909668,2.9200000762939453
236.32,0.06,3.0,27.64167594909668,2.9200000762939453
236.48,0.06,3.0,27.64167594909668,2.9200000762939453
236.64,0.06,3.0,27.746315002441406,2.940000057220459
236.8,0.06,3.0,27.746315002441406,2.940000057220459
236.96,0.06,3.0,27.746315002441406,2.940000057220459
237.12,0.08,3.0,27.746315002441406,2.940000057220459
237.28,0.08,3.0,27.746315002441406,2.940000057220459
237.44,0.1,3.0,27.746315002441406,2.940000057220459
237.6,0.1,3.0,27.867435455322266,2.940000057220459
237.76,0.1,3.0,27.867435455322266,2.940000057220459
237.92,0.15,3.0,27.867435455322266,2.940000057220459
238.08,0.19,3.0,27.867435455322266,2.940000057220459
238.24,0.3,3.0,27.867435455322266,2.940000057220459
238.4,0.4,3.0,27.867435455322266,2.940000057220459
238.56,0.51,3.0,27.867435455322266,2.940000057220459
238.72,0.63,3.0,27.946640014648438,2.9000000953674316
238.88,0.75,3.0,27.946640014648438,2.9000000953674316
239.04,0.86,3.0,27.946640014648438,2.9000000953674316
239.2,1.03,3.0,27.946640014648438,2.9000000953674316
239.36,1.19,3.0,27.946640014648438,2.9000000953674316
239.52,1.4,3.0,27.946640014648438,2.9000000953674316
239.68,1.62,3.0,27.946640014648438,2.9000000953674316
239.84,1.86,3.0,27.946640014648438,2.9000000953674316
240.0,2.14,3.0,27.946640014648438,2.9000000953674316
240.16,2.43,3.0,27.946640014648438,2.9000000953674316
240.32,2.68,3.0,27.946640014648438,2.9000000953674316
240.48,2.98,3.0,27.946640014648438,2.9000000953674316
240.64,3.26,3.0,25.850156784057617,1.3799999952316284
240.8,3.57,3.0,25.850156784057617,1.3799999952316284
240.96,3.89,3.0,25.850156784057617,1.3799999952316284
241.12,4.2,3.0,25.850156784057617,1.3799999952316284
241.28,4.45,3.0,25.850156784057617,1.3799999952316284
241.44,5.35,3.0,25.850156784057617,1.3799999952316284
241.6,5.58,3.0,24.89767837524414,-0.25999999046325684
241.76,5.81,3.0,24.89767837524414,-0.25999999046325684
241.92,6.01,3.0,24.89767837524414,-0.25999999046325684
242.08,6.23,3.0,24.89767837524414,-0.25999999046325684
242.24,6.45,3.0,24.89767837524414,-0.25999999046325684
242.4,6.66,3.0,24.89767837524414,-0.25999999046325684
242.56,6.86,3.0,24.89767837524414,-0.25999999046325684
242.72,7.02,3.0,22.933834075927734,-2.5799999237060547
242.88,7.18,3.0,22.933834075927734,-2.5799999237060547
243.04,7.3,3.0,22.933834075927734,-2.5799999237060547
243.2,7.37,3.0,22.933834075927734,-2.5799999237060547
