raw_x_east,raw_y_north,x_east,y_north
661487.3613,1509583.756,661487.3613,1509583.756
661487.3613,1509583.756,661487.3613,1509583.756
661487.3613,1509583.756,661487.3613,1509583.756
661487.3613,1509583.756,661487.3613,1509583.756
661487.3613,1509583.756,661487.3613,1509583.756
661487.3613,1509583.756,661487.3613,1509583.756
661487.3613,1509583.756,661487.3613,1509583.756
661487.3613,1509583.756,661487.3613,1509583.756
661487.3613,1509583.756,661487.3613,1509583.756
661487.3613,1509583.756,661487.3613,1509583.756
661487.3613,1509583.756,661487.3613,1509583.756
661487.3613,1509583.756,661487.3613,1509583.756
661487.3613,1509583.756,661487.3613,1509583.756
661487.3613,1509583.756,661487.3613,1509583.756
661487.3613,1509583.756,661487.3613,1509583.756
661487.3613,1509583.756,661487.3613,1509583.756
661487.3613,1509583.756,661487.3613,1509583.756
661487.3613,1509583.756,661487.3613,1509583.756
661487.3613,1509583.756,661487.3613,1509583.756
661487.3613,1509583.756,661487.3613,1509583.756
661487.3613,1509583.756,661487.3613,1509583.756
661487.3613,1509583.756,661487.3613,1509583.756
661487.3613,1509583.756,661487.3613,1509583.756
661487.3613,1509583.756,661487.3613,1509583.756
661487.3613,1509583.756,661487.3613,1509583.756
661487.3613,1509583.756,661487.3613,1509583.756
661487.3613,1509583.756,661487.3613,1509583.756
661487.3613,1509583.756,661487.3613,1509583.756
661487.3613,1509583.756,661487.3613,1509583.756
661487.3791,1509583.793,661487.3622,1509583.758
661487.379,1509583.811,661487.3631,1509583.761
661487.3788,1509583.848,661487.3639,1509583.765
661487.3784,1509583.904,661487.3648,1509583.773
661487.3781,1509583.959,661487.3656,1509583.783
661487.3775,1509584.051,661487.3664,1509583.797
661487.3949,1509584.162,661487.3681,1509583.818
661487.3938,1509584.328,661487.3698,1509583.846
661487.4107,1509584.512,661487.3722,1509583.884
661487.4274,1509584.734,661487.3755,1509583.933
661487.4258,1509584.992,661487.3788,1509583.995
661487.4421,1509585.268,661487.3828,1509584.07
661487.4584,1509585.564,661487.3877,1509584.161
661487.4564,1509585.877,661487.3924,1509584.267
661487.4725,1509586.191,661487.398,1509584.389
661487.4706,1509586.504,661487.4034,1509584.526
661487.4866,1509586.836,661487.4097,1509584.68
661487.4847,1509587.149,661487.4159,1509584.85
661487.4825,1509587.5,661487.4219,1509585.037
661487.4984,1509587.85,661487.4288,1509585.242
661487.4962,1509588.2,661487.4346,1509585.462
661487.4941,1509588.551,661487.4404,1509585.699
661487.5098,1509588.92,661487.447,1509585.952
661487.5076,1509589.288,661487.4534,1509586.222
661487.5053,1509589.657,661487.4598,1509586.507
661487.5029,1509590.044,661487.466,1509586.806
661487.5005,1509590.431,661487.4713,1509587.12
661487.4982,1509590.819,661487.4765,1509587.444
661487.5137,1509591.224,661487.4817,1509587.78
661487.5113,1509591.612,661487.4859,1509588.124
661487.527,1509591.999,661487.4909,1509588.474
661487.5425,1509592.405,661487.496,1509588.831
661487.5401,1509592.792,661487.5001,1509589.192
661487.5377,1509593.179,661487.5041,1509589.558
661487.5535,1509593.548,661487.5082,1509589.925
661487.5692,1509593.935,661487.5131,1509590.297
661487.5849,1509594.304,661487.518,1509590.67
661487.5826,1509594.673,661487.5229,1509591.047
661487.5984,1509595.042,661487.5287,1509591.424
661487.5963,1509595.392,661487.5336,1509591.801
661487.612,1509595.761,661487.5394,1509592.179
661487.6278,1509596.13,661487.5461,1509592.558
661487.6255,1509596.498,661487.5519,1509592.937
661487.6412,1509596.886,661487.5585,1509593.317
661487.6389,1509597.254,661487.5652,1509593.696
661487.6547,1509597.623,661487.5728,1509594.075
661487.6704,1509597.992,661487.5813,1509594.453
661487.6681,1509598.361,661487.5898,1509594.83
661487.684,1509598.711,661487.5983,1509595.205
661487.6998,1509599.08,661487.6077,1509595.578
661487.7157,1509599.431,661487.6172,1509595.95
661487.7315,1509599.781,661487.6266,1509596.319
661487.7294,1509600.131,661487.6361,1509596.686
661487.7273,1509600.463,661487.6456,1509597.05
661487.7252,1509600.814,661487.6541,1509597.413
661487.7592,1509601.146,661487.6636,1509597.774
661487.7571,1509601.496,661487.6723,1509598.133
661487.7729,1509601.846,661487.6818,1509598.492
661487.7888,1509602.197,661487.6913,1509598.85
661487.8046,1509602.566,661487.7017,1509599.208
661487.8023,1509602.934,661487.7112,1509599.567
661487.8182,1509603.285,661487.7207,1509599.925
661487.8158,1509603.672,661487.7303,1509600.284
661487.8316,1509604.041,661487.7398,1509600.641
661487.8291,1509604.447,661487.7493,1509601.001
661487.8448,1509604.815,661487.7588,1509601.361
661487.8424,1509605.203,661487.7674,1509601.721
661487.8402,1509605.571,661487.776,1509602.082
661487.8559,1509605.94,661487.7846,1509602.443
661487.8716,1509606.328,661487.7932,1509602.805
661487.8514,1509606.678,661487.8,1509603.168
661487.8311,1509607.046,661487.8049,1509603.531
661487.8651,1509607.379,661487.8117,1509603.893
661487.863,1509607.729,661487.8185,1509604.257
661487.8609,1509608.061,661487.8253,1509604.619
661487.8589,1509608.393,661487.8303,1509604.981
661487.8568,1509608.724,661487.8353,1509605.343
661487.8549,1509609.038,661487.8394,1509605.702
661487.8348,1509609.37,661487.8417,1509606.061
661487.8328,1509609.702,661487.8431,1509606.418
661487.8128,1509610.015,661487.8436,1509606.772
661487.8108,1509610.347,661487.8432,1509607.125
661487.809,1509610.642,661487.8429,1509607.473
661487.789,1509610.955,661487.8408,1509607.819
661487.7871,1509611.269,661487.8387,1509608.16
661487.7852,1509611.582,661487.8357,1509608.498
661487.7652,1509611.895,661487.8318,1509608.833
661487.7632,1509612.227,661487.828,1509609.166
661487.7611,1509612.559,661487.8232,1509609.497
661487.7411,1509612.891,661487.8167,1509609.825
661487.739,1509613.223,661487.8111,1509610.152
661487.7189,1509613.554,661487.8055,1509610.478
661487.7168,1509613.905,661487.7981,1509610.804
661487.7147,1509614.237,661487.7907,1509611.129
661487.7306,1509614.587,661487.7841,1509611.456
661487.7104,1509614.937,661487.7767,1509611.783
661487.6904,1509615.269,661487.7684,1509612.11
661487.6703,1509615.601,661487.7592,1509612.438
661487.6863,1509615.933,661487.7517,1509612.766
661487.6663,1509616.246,661487.7434,1509613.094
661487.6643,1509616.578,661487.736,1509613.422
661487.6444,1509616.873,661487.7277,1509613.748
661487.6425,1509617.186,661487.7193,1509614.075
661487.6586,1509617.5,661487.7128,1509614.403
661487.6388,1509617.795,661487.7054,1509614.729
661487.6189,1509618.09,661487.6971,1509615.054
661487.6171,1509618.385,661487.6897,1509615.379
661487.5973,1509618.68,661487.6814,1509615.701
661487.6135,1509618.975,661487.674,1509616.022
661487.6117,1509619.27,661487.6675,1509616.341
661487.6098,1509619.565,661487.6611,1509616.658
661487.6079,1509619.878,661487.6555,1509616.974
661487.5881,1509620.173,661487.6491,1509617.288
661487.6043,1509620.468,661487.6436,1509617.599
661487.6024,1509620.782,661487.6372,1509617.909
661487.6004,1509621.095,661487.6317,1509618.217
661487.5985,1509621.408,661487.6271,1509618.524
661487.5966,1509621.722,661487.6234,1509618.83
661487.5944,1509622.072,661487.6188,1509619.137
661487.5925,1509622.386,661487.6151,1509619.444
661487.6084,1509622.736,661487.6123,1509619.752
661487.6062,1509623.086,661487.6104,1509620.062
661487.586,1509623.437,661487.6076,1509620.375
661487.62,1509623.769,661487.6056,1509620.688
661487.6179,1509624.119,661487.6046,1509621.005
661487.6156,1509624.488,661487.6044,1509621.325
661487.6135,1509624.838,661487.6042,1509621.647
661487.6113,1509625.188,661487.605,1509621.973
661487.6271,1509625.557,661487.6056,1509622.302
661487.6249,1509625.907,661487.6063,1509622.634
661487.6588,1509626.258,661487.6087,1509622.968
661487.6568,1509626.59,661487.6112,1509623.304
661487.6546,1509626.94,661487.6145,1509623.642
661487.6706,1509627.272,661487.6178,1509623.982
661487.6685,1509627.623,661487.6211,1509624.325
661487.6663,1509627.973,661487.6244,1509624.668
661487.6642,1509628.323,661487.6277,1509625.014
661487.662,1509628.673,661487.631,1509625.362
661487.6597,1509629.042,661487.6343,1509625.71
661487.6755,1509629.411,661487.6384,1509626.062
661487.6731,1509629.798,661487.6416,1509626.415
661487.6708,1509630.167,661487.6449,1509626.769
661487.6865,1509630.554,661487.6499,1509627.125
661487.6839,1509630.978,661487.6531,1509627.485
661487.6995,1509631.366,661487.6572,1509627.847
661487.7151,1509631.771,661487.6621,1509628.212
661487.7307,1509632.159,661487.668,1509628.578
661487.7282,1509632.564,661487.6738,1509628.946
661487.7258,1509632.952,661487.6788,1509629.316
661487.7415,1509633.339,661487.6846,1509629.688
661487.7392,1509633.708,661487.6886,1509630.06
661487.7368,1509634.095,661487.6926,1509630.435
661487.7346,1509634.464,661487.6966,1509630.812
661487.7324,1509634.814,661487.6997,1509631.189
661487.7482,1509635.183,661487.7037,1509631.567
661487.746,1509635.533,661487.7077,1509631.945
661487.7439,1509635.883,661487.7117,1509632.323
661487.7417,1509636.234,661487.7157,1509632.701
661487.7397,1509636.566,661487.7197,1509633.077
661487.7375,1509636.916,661487.7228,1509633.452
661487.7535,1509637.248,661487.7268,1509633.825
661487.7334,1509637.58,661487.7299,1509634.195
661487.7494,1509637.912,661487.7331,1509634.563
661487.7472,1509638.28,661487.7362,1509634.928
661487.745,1509638.631,661487.7385,1509635.291
661487.7429,1509638.981,661487.7399,1509635.652
661487.7406,1509639.35,661487.7404,1509636.011
661487.7384,1509639.7,661487.7409,1509636.368
661487.7363,1509640.05,661487.7414,1509636.723
661487.734,1509640.419,661487.741,1509637.077
661487.7318,1509640.769,661487.7407,1509637.43
661487.7477,1509641.12,661487.7412,1509637.782
661487.7457,1509641.452,661487.7418,1509638.131
661487.7435,1509641.802,661487.7423,1509638.48
661487.7413,1509642.171,661487.742,1509638.83
661487.7391,1509642.521,661487.7416,1509639.179
661487.7368,1509642.89,661487.7413,1509639.529
661487.7346,1509643.259,661487.7409,1509639.881
661487.7323,1509643.627,661487.7406,1509640.234
661487.73,1509643.996,661487.7402,1509640.588
661487.7277,1509644.383,661487.7389,1509640.945
661487.7253,1509644.77,661487.7385,1509641.304
661487.705,1509645.139,661487.7363,1509641.666
661487.7026,1509645.526,661487.734,1509642.028
661487.7002,1509645.913,661487.7318,1509642.392
661487.6799,1509646.282,661487.7286,1509642.757
661487.6776,1509646.651,661487.7255,1509643.122
661487.6573,1509647.02,661487.7214,1509643.488
661487.6551,1509647.388,661487.7174,1509643.855
661487.6528,1509647.757,661487.7133,1509644.222
661487.6508,1509648.089,661487.7093,1509644.588
661487.6486,1509648.439,661487.7043,1509644.954
661487.6283,1509648.808,661487.6984,1509645.322
661487.626,1509649.177,661487.6926,1509645.69
661487.6057,1509649.545,661487.6858,1509646.059
661487.6035,1509649.914,661487.679,1509646.429
661487.5832,1509650.283,661487.6713,1509646.798
661487.5628,1509650.67,661487.6627,1509647.169
661487.5605,1509651.038,661487.6541,1509647.539
661487.5581,1509651.426,661487.6455,1509647.911
661487.5377,1509651.813,661487.636,1509648.282
661487.5352,1509652.218,661487.6265,1509648.655
661487.5148,1509652.605,661487.617,1509649.028
661487.5123,1509653.011,661487.6075,1509649.402
661487.5279,1509653.398,661487.5989,1509649.777
661487.5076,1509653.767,661487.5903,1509650.151
661487.4872,1509654.154,661487.5808,1509650.526
661487.485,1509654.523,661487.5722,1509650.901
661487.4827,1509654.892,661487.5635,1509651.276
661487.4624,1509655.26,661487.554,1509651.652
661487.46,1509655.647,661487.5445,1509652.029
661487.4579,1509655.998,661487.5349,1509652.407
661487.4737,1509656.348,661487.5272,1509652.784
661487.4716,1509656.698,661487.5195,1509653.16
661487.4875,1509657.049,661487.5136,1509653.536
661487.4852,1509657.418,661487.5077,1509653.911
661487.5011,1509657.768,661487.5036,1509654.285
661487.4988,1509658.137,661487.5004,1509654.658
661487.4785,1509658.505,661487.4963,1509655.032
661487.5122,1509658.893,661487.494,1509655.405
661487.4918,1509659.28,661487.4917,1509655.779
661487.5075,1509659.649,661487.4903,1509656.15
661487.5053,1509660.018,661487.4898,1509656.521
661487.521,1509660.386,661487.4902,1509656.889
661487.5188,1509660.755,661487.4898,1509657.257
661487.5165,1509661.124,661487.4902,1509657.625
661487.5143,1509661.474,661487.4916,1509657.991
661487.5122,1509661.825,661487.4929,1509658.356
661487.51,1509662.175,661487.4943,1509658.72
661487.526,1509662.507,661487.4975,1509659.083
661487.542,1509662.839,661487.5016,1509659.442
661487.54,1509663.171,661487.5057,1509659.801
661487.5379,1509663.503,661487.5089,1509660.159
661487.5177,1509663.853,661487.5112,1509660.516
661487.5336,1509664.203,661487.5135,1509660.874
661487.475,1509664.94,661487.513,1509661.25
661487.4729,1509665.272,661487.5116,1509661.625
661487.4706,1509665.659,661487.5102,1509662.002
661487.4863,1509666.028,661487.5106,1509662.378
661487.4839,1509666.416,661487.5092,1509662.754
661487.4997,1509666.784,661487.5096,1509663.129
661487.4973,1509667.172,661487.509,1509663.505
661487.4948,1509667.577,661487.5085,1509663.883
661487.4745,1509667.946,661487.5062,1509664.261
661487.4542,1509668.314,661487.503,1509664.639
661487.4517,1509668.72,661487.4997,1509665.019
661487.4493,1509669.107,661487.4965,1509665.401
661487.4471,1509669.476,661487.4932,1509665.783
661487.4627,1509669.863,661487.4909,1509666.168
661487.4603,1509670.251,661487.4876,1509666.555
661487.458,1509670.638,661487.4834,1509666.945
661487.4736,1509671.025,661487.4801,1509667.337
661487.4712,1509671.412,661487.4767,1509667.733
661487.487,1509671.781,661487.4752,1509668.129
661487.4848,1509672.131,661487.4728,1509668.526
661487.5007,1509672.482,661487.474,1509668.903
661487.4983,1509672.869,661487.4753,1509669.283
661487.4781,1509673.219,661487.4757,1509669.661
661487.4577,1509673.606,661487.4743,1509670.04
661487.4555,1509673.975,661487.4728,1509670.417
661487.4532,1509674.344,661487.4705,1509670.795
661487.4509,1509674.713,661487.4682,1509671.173
661487.4666,1509675.1,661487.4668,1509671.549
661487.4822,1509675.487,661487.4672,1509671.926
661487.4617,1509675.893,661487.4675,1509672.305
661487.4592,1509676.298,661487.4679,1509672.684
661487.4388,1509676.685,661487.4674,1509673.062
661487.4363,1509677.091,661487.4668,1509673.443
661487.4338,1509677.497,661487.4654,1509673.825
661487.4676,1509677.866,661487.4658,1509674.206
661487.4652,1509678.253,661487.4661,1509674.586
661487.4628,1509678.64,661487.4656,1509674.967
661487.4604,1509679.027,661487.465,1509675.348
661487.4762,1509679.396,661487.4645,1509675.729
661487.4741,1509679.746,661487.464,1509676.109
661487.4899,1509680.097,661487.4634,1509676.49
661487.4696,1509680.465,661487.462,1509676.87
661487.4855,1509680.816,661487.4624,1509677.25
661487.4834,1509681.166,661487.4636,1509677.628
661487.4812,1509681.516,661487.4649,1509678.005
661487.4972,1509681.848,661487.4671,1509678.38
661487.4951,1509682.18,661487.4693,1509678.753
661487.5111,1509682.512,661487.4716,1509679.124
661487.509,1509682.863,661487.4729,1509679.493
661487.5069,1509683.195,661487.4752,1509679.858
661487.5411,1509683.508,661487.4793,1509680.218
661487.539,1509683.84,661487.4843,1509680.576
661487.5372,1509684.135,661487.4893,1509680.928
661487.5532,1509684.467,661487.4953,1509681.277
661487.5514,1509684.762,661487.4995,1509681.622
661487.5675,1509685.076,661487.5046,1509681.963
661487.5475,1509685.389,661487.5088,1509682.3
661487.5456,1509685.702,661487.5131,1509682.634
661487.5437,1509686.016,661487.5165,1509682.965
661487.542,1509686.292,661487.5199,1509683.292
661487.54,1509686.606,661487.5224,1509683.618
661487.5383,1509686.882,661487.5258,1509683.939
661487.5185,1509687.177,661487.5275,1509684.257
661487.4987,1509687.472,661487.5282,1509684.572
661487.4968,1509687.767,661487.529,1509684.885
661487.4771,1509688.044,661487.528,1509685.194
661487.4753,1509688.339,661487.527,1509685.502
661487.4556,1509688.615,661487.5242,1509685.807
661487.4358,1509688.891,661487.5206,1509686.109
661487.3981,1509689.168,661487.5151,1509686.407
661487.3783,1509689.444,661487.507,1509686.704
661487.3586,1509689.721,661487.498,1509686.998
661487.3208,1509689.997,661487.4871,1509687.291
661487.2832,1509690.255,661487.4736,1509687.581
661487.2275,1509690.513,661487.4575,1509687.868
661487.1718,1509690.771,661487.4377,1509688.153
661487.1342,1509691.028,661487.417,1509688.435
661486.6569,1509692.408,661487.3726,1509688.77
661486.6383,1509692.5,661487.3273,1509689.095
661486.5829,1509692.703,661487.2793,1509689.415
661486.4914,1509692.924,661487.2269,1509689.731
661486.4,1509693.126,661487.17,1509690.043
661486.2906,1509693.328,661487.1086,1509690.351
661486.181,1509693.549,661487.0427,1509690.655
661486.0716,1509693.751,661486.9715,1509690.954
661485.9261,1509693.953,661486.8939,1509691.249
661485.7805,1509694.173,661486.8092,1509691.541
661485.6351,1509694.357,661486.7181,1509691.828
661485.5077,1509694.559,661486.6217,1509692.111
661485.3622,1509694.761,661486.5199,1509692.391
661485.1806,1509694.962,661486.4101,1509692.667
661485.017,1509695.183,661486.293,1509692.94
661484.8354,1509695.384,661486.1687,1509693.209
661484.6358,1509695.586,661486.0363,1509693.476
661484.4363,1509695.787,661485.8968,1509693.74
661484.2186,1509695.989,661485.7491,1509694.001
661483.9831,1509696.172,661485.5916,1509694.258
661483.7657,1509696.336,661485.447,1509694.454
661483.5482,1509696.519,661485.2925,1509694.655
661483.3128,1509696.684,661485.129,1509694.854
661483.0773,1509696.867,661484.9583,1509695.051
661482.86,1509697.013,661484.7813,1509695.246
661482.6247,1509697.159,661484.598,1509695.437
661482.3713,1509697.305,661484.4075,1509695.625
661482.1181,1509697.433,661484.2098,1509695.809
661481.8468,1509697.578,661484.0059,1509695.99
661481.5935,1509697.706,661483.7965,1509696.167
661481.3044,1509697.815,661483.58,1509696.34
661481.0332,1509697.924,661483.3563,1509696.508
661480.7439,1509698.051,661483.1253,1509696.673
661480.4549,1509698.141,661482.8891,1509696.832
661480.1477,1509698.25,661482.6456,1509696.985
661479.8586,1509698.341,661482.3967,1509697.133
661479.5336,1509698.412,661482.1416,1509697.274
661479.2266,1509698.484,661481.8812,1509697.409
661478.9016,1509698.556,661481.6153,1509697.537
661478.5586,1509698.628,661481.3441,1509697.66
661478.2338,1509698.662,661481.0675,1509697.776
661477.8909,1509698.716,661480.7846,1509697.886
661477.548,1509698.769,661480.4964,1509697.991
661477.2051,1509698.804,661480.2028,1509698.087
661476.8623,1509698.838,661479.9029,1509698.179
661476.5195,1509698.873,661479.5976,1509698.264
661476.1587,1509698.908,661479.287,1509698.344
661475.7978,1509698.943,661478.971,1509698.42
661475.4371,1509698.959,661478.6505,1509698.489
661475.0582,1509698.993,661478.3237,1509698.553
661474.6795,1509699.009,661477.9925,1509698.613
661474.3006,1509699.044,661477.6559,1509698.669
661473.9038,1509699.06,661477.3139,1509698.72
661473.525,1509699.094,661476.9674,1509698.767
661473.1282,1509699.11,661476.6164,1509698.81
661472.7493,1509699.145,661476.2609,1509698.85
661472.3524,1509699.179,661475.9019,1509698.889
661471.9735,1509699.214,661475.5392,1509698.925
661471.5765,1509699.267,661475.1729,1509698.961
661471.1796,1509699.301,661474.804,1509698.994
661470.7827,1509699.336,661474.4314,1509699.028
661470.3676,1509699.389,661474.0553,1509699.062
661469.9527,1509699.423,661473.6755,1509699.094
661469.5377,1509699.476,661473.2921,1509699.128
661469.1047,1509699.51,661472.9043,1509699.162
661468.6898,1509699.544,661472.5128,1509699.195
661468.2387,1509699.597,661472.1168,1509699.23
661467.8056,1509699.649,661471.7172,1509699.265
661467.3546,1509699.683,661471.313,1509699.301
661466.9035,1509699.736,661470.9053,1509699.338
661466.4704,1509699.789,661470.4948,1509699.377
661466.0014,1509699.823,661470.0799,1509699.416
661465.5322,1509699.875,661469.6613,1509699.457
661465.0451,1509699.927,661469.2373,1509699.499
661464.5759,1509699.98,661468.8097,1509699.542
661464.1069,1509700.014,661468.3776,1509699.586
661463.6197,1509700.066,661467.9409,1509699.63
661463.1507,1509700.1,661467.4998,1509699.674
661462.6635,1509700.152,661467.0542,1509699.718
661462.1765,1509700.186,661466.604,1509699.763
661461.6893,1509700.239,661466.1493,1509699.808
661461.2021,1509700.291,661465.6911,1509699.853
661460.7331,1509700.325,661465.2301,1509699.898
661460.2461,1509700.359,661464.7655,1509699.942
661459.759,1509700.393,661464.2982,1509699.986
661459.272,1509700.427,661463.8273,1509700.031
661458.7669,1509700.46,661463.3537,1509700.074
661458.2798,1509700.494,661462.8774,1509700.116
661457.7747,1509700.528,661462.3984,1509700.158
661457.2696,1509700.562,661461.9168,1509700.199
661456.7644,1509700.614,661461.4315,1509700.241
661456.2592,1509700.666,661460.9443,1509700.283
661455.7541,1509700.7,661460.4554,1509700.324
661455.2491,1509700.734,661459.9656,1509700.364
661454.762,1509700.768,661459.4749,1509700.404
661454.2569,1509700.801,661458.9824,1509700.443
661453.7518,1509700.835,661458.4891,1509700.482
661453.2648,1509700.869,661457.9948,1509700.52
661452.7777,1509700.903,661457.5005,1509700.558
661452.3087,1509700.937,661457.0071,1509700.595
661451.8216,1509700.971,661456.5137,1509700.632
661451.3346,1509701.005,661456.0203,1509700.667
661450.8478,1509701.002,661455.526,1509700.701
661450.3427,1509701.035,661455.0309,1509700.735
661449.8376,1509701.069,661454.5348,1509700.769
661449.3145,1509701.103,661454.0369,1509700.803
661448.8093,1509701.155,661453.539,1509700.838
661448.3042,1509701.189,661453.0403,1509700.872
661447.7991,1509701.223,661452.5415,1509700.907
661447.2941,1509701.238,661452.0427,1509700.941
661446.8071,1509701.272,661451.5448,1509700.974
661446.3021,1509701.287,661451.047,1509701.005
661445.815,1509701.321,661450.55,1509701.036
661445.3281,1509701.336,661450.054,1509701.066
661444.8409,1509701.389,661449.5579,1509701.097
661444.3358,1509701.423,661449.0619,1509701.128
661443.8489,1509701.438,661448.5667,1509701.158
661443.3438,1509701.472,661448.0707,1509701.188
661442.8387,1509701.506,661447.5737,1509701.218
661442.3337,1509701.521,661447.075,1509701.248
661441.8287,1509701.555,661446.5753,1509701.277
661441.3235,1509701.607,661446.0748,1509701.307
661440.8004,1509701.622,661445.5724,1509701.338
661440.2954,1509701.656,661445.07,1509701.369
661439.7722,1509701.69,661444.5668,1509701.4
661439.2672,1509701.723,661444.0644,1509701.431
661438.762,1509701.775,661443.562,1509701.462
661438.257,1509701.791,661443.0597,1509701.492
661437.7519,1509701.825,661442.5573,1509701.522
661437.2648,1509701.858,661442.0559,1509701.553
661436.7778,1509701.892,661441.5544,1509701.584
661436.291,1509701.889,661441.0538,1509701.614
661435.8219,1509701.923,661440.5542,1509701.645
661435.3349,1509701.957,661440.0545,1509701.676
661434.866,1509701.973,661439.5558,1509701.705
661434.3969,1509702.007,661439.0588,1509701.734
661433.9281,1509702.004,661438.5628,1509701.762
661433.4592,1509702.019,661438.0686,1509701.79
661432.9723,1509702.035,661437.5752,1509701.816
661432.5034,1509702.05,661437.0837,1509701.843
661432.0345,1509702.066,661436.594,1509701.868
661431.5657,1509702.063,661436.1061,1509701.891
661431.1149,1509702.06,661435.6218,1509701.913
661430.6461,1509702.057,661435.1394,1509701.933
661430.1952,1509702.073,661434.6605,1509701.952
661429.7446,1509702.052,661434.1844,1509701.969
661429.2939,1509702.031,661433.711,1509701.981
661428.8431,1509702.028,661433.2403,1509701.993
661428.3927,1509701.97,661432.7723,1509702
661427.9421,1509701.949,661432.3062,1509702.005
661427.4914,1509701.927,661431.8419,1509702.007
661427.0228,1509701.888,661431.3785,1509702.007
661426.5722,1509701.866,661430.916,1509702.004
661426.1036,1509701.827,661430.4544,1509701.997
661425.653,1509701.806,661429.9938,1509701.989
661425.1845,1509701.747,661429.5332,1509701.976
661424.716,1509701.689,661429.0726,1509701.96
661424.2836,1509701.631,661428.6138,1509701.941
661423.8153,1509701.555,661428.1559,1509701.917
661423.3829,1509701.497,661427.6999,1509701.889
661422.9326,1509701.42,661427.2448,1509701.857
661422.5002,1509701.362,661426.7915,1509701.822
661422.0858,1509701.304,661426.3401,1509701.784
661421.6534,1509701.246,661425.8904,1509701.743
661421.2573,1509701.152,661425.4436,1509701.697
661420.825,1509701.075,661424.9976,1509701.648
661420.4109,1509700.98,661424.5534,1509701.596
661419.9966,1509700.904,661424.1111,1509701.54
661419.5825,1509700.809,661423.6706,1509701.482
661419.1685,1509700.696,661423.2319,1509701.419
661418.7363,1509700.601,661422.7942,1509701.353
661418.3042,1509700.488,661422.3582,1509701.283
661417.8721,1509700.393,661421.9232,1509701.209
661417.44,1509700.28,661421.49,1509701.132
661417.008,1509700.167,661421.0578,1509701.05
661416.5942,1509700.017,661420.6283,1509700.963
661416.1621,1509699.903,661420.2006,1509700.874
661415.7303,1509699.753,661419.7729,1509700.78
661415.2984,1509699.603,661419.3471,1509700.683
661414.8665,1509699.471,661418.9212,1509700.581
661414.4347,1509699.321,661418.4963,1509700.476
661414.0028,1509699.171,661418.0715,1509700.367
661413.553,1509699.021,661417.6448,1509700.253
661413.1211,1509698.871,661417.2182,1509700.134
661412.6895,1509698.683,661416.7898,1509700.01
661412.2578,1509698.515,661416.3615,1509699.882
661411.8262,1509698.328,661415.9322,1509699.75
661411.3946,1509698.141,661415.5021,1509699.612
661410.9629,1509697.972,661415.0712,1509699.47
661410.5493,1509697.785,661414.6402,1509699.324
661410.1358,1509697.598,661414.2102,1509699.174
661409.7223,1509697.393,661413.7811,1509699.019
661409.3087,1509697.206,661413.3529,1509698.86
661408.9132,1509697.019,661412.9266,1509698.697
661408.5178,1509696.814,661412.5021,1509698.529
661408.1402,1509696.627,661412.0794,1509698.36
661407.7448,1509696.422,661411.6585,1509698.186
661407.3495,1509696.198,661411.2395,1509698.008
661406.9541,1509695.993,661410.8222,1509697.828
661406.5586,1509695.788,661410.4069,1509697.643
661406.1814,1509695.564,661409.9942,1509697.456
661405.768,1509695.34,661409.5824,1509697.264
661405.3727,1509695.117,661409.1734,1509697.069
661404.9954,1509694.893,661408.7671,1509696.87
661404.6181,1509694.67,661408.3636,1509696.669
661404.2228,1509694.446,661407.9618,1509696.466
661403.8637,1509694.204,661407.5637,1509696.26
661403.4864,1509693.98,661407.1683,1509696.052
661403.1271,1509693.757,661406.7765,1509695.841
661402.768,1509693.515,661406.3874,1509695.627
661402.4087,1509693.292,661406.0011,1509695.412
661402.0497,1509693.031,661405.6174,1509695.194
661401.6906,1509692.789,661405.2365,1509694.973
661401.3315,1509692.529,661404.8575,1509694.749
661400.9724,1509692.287,661404.4802,1509694.522
661400.6133,1509692.045,661404.1038,1509694.293
661400.2542,1509691.785,661403.7293,1509694.061
661399.8953,1509691.506,661403.3566,1509693.827
661399.5363,1509691.246,661402.9857,1509693.589
661399.1774,1509690.967,661402.6167,1509693.348
661398.8004,1509690.688,661402.2476,1509693.104
661398.4236,1509690.391,661401.8804,1509692.857
661398.0647,1509690.112,661401.515,1509692.607
661397.7059,1509689.815,661401.1505,1509692.353
661397.3471,1509689.518,661400.787,1509692.095
661396.9883,1509689.22,661400.4252,1509691.834
661396.6475,1509688.923,661400.0644,1509691.57
661396.3069,1509688.608,661399.7054,1509691.301
661395.9661,1509688.311,661399.3474,1509691.029
661395.6253,1509688.013,661398.9903,1509690.754
661395.3026,1509687.716,661398.635,1509690.475
661394.9798,1509687.419,661398.2815,1509690.194
661394.6751,1509687.123,661397.9307,1509689.911
661394.3704,1509686.826,661397.5826,1509689.626
661394.0658,1509686.51,661397.2373,1509689.337
661393.7611,1509686.213,661396.8947,1509689.045
661393.4565,1509685.898,661396.5548,1509688.751
661393.1339,1509685.583,661396.2167,1509688.455
661392.8294,1509685.249,661395.8814,1509688.155
661392.5249,1509684.915,661395.5488,1509687.853
661392.2023,1509684.6,661395.2189,1509687.548
661391.8978,1509684.266,661394.8926,1509687.242
661391.5933,1509683.932,661394.569,1509686.933
661391.2889,1509683.598,661394.2482,1509686.622
661390.9845,1509683.246,661393.93,1509686.309
661390.698,1509682.913,661393.6155,1509685.993
661390.3937,1509682.56,661393.3028,1509685.675
661390.0892,1509682.227,661392.9919,1509685.356
661389.7848,1509681.874,661392.6829,1509685.034
661389.4805,1509681.522,661392.3756,1509684.71
661389.2121,1509681.17,661392.0711,1509684.382
661388.9078,1509680.818,661391.7675,1509684.052
661388.6216,1509680.448,661391.4648,1509683.718
661388.3352,1509680.095,661391.1631,1509683.382
661388.0489,1509679.743,661390.8622,1509683.044
661387.7805,1509679.41,661390.5632,1509682.703
661387.4941,1509679.058,661390.2651,1509682.361
661387.2437,1509678.724,661389.9706,1509682.018
661386.9935,1509678.372,661389.6788,1509681.675
661386.743,1509678.057,661389.3897,1509681.332
661386.4745,1509677.724,661389.1033,1509680.988
661386.2422,1509677.391,661388.8205,1509680.644
661386.0098,1509677.057,661388.5413,1509680.3
661385.7594,1509676.724,661388.2648,1509679.957
661385.509,1509676.39,661387.9911,1509679.614
661385.2767,1509676.057,661387.72,1509679.271
661385.0263,1509675.724,661387.4516,1509678.929
661384.794,1509675.372,661387.1869,1509678.587
661384.5619,1509675.002,661386.9257,1509678.243
661384.3297,1509674.65,661386.6682,1509677.899
661384.0796,1509674.261,661386.4116,1509677.554
661383.8475,1509673.891,661386.1585,1509677.208
661383.6155,1509673.502,661385.9082,1509676.86
661383.3834,1509673.114,661385.6607,1509676.511
661383.1693,1509672.744,661385.4167,1509676.161
661382.9373,1509672.355,661385.1745,1509675.809
661382.7412,1509671.985,661384.9369,1509675.455
661382.5274,1509671.578,661384.7011,1509675.098
661382.3134,1509671.19,661384.4671,1509674.738
661382.1173,1509670.82,661384.2358,1509674.377
661381.9214,1509670.431,661384.0081,1509674.012
661381.7433,1509670.061,661383.7832,1509673.645
661381.5653,1509669.692,661383.5609,1509673.277
661381.3872,1509669.322,661383.3423,1509672.907
661381.2272,1509668.952,661383.1282,1509672.535
661381.0673,1509668.564,661382.9178,1509672.16
661380.9074,1509668.176,661382.7118,1509671.783
661380.7295,1509667.787,661382.5086,1509671.404
661380.5876,1509667.399,661382.3099,1509671.024
661380.4279,1509666.993,661382.1148,1509670.641
661380.2861,1509666.586,661381.9251,1509670.257
661380.1623,1509666.198,661381.7409,1509669.872
661380.0385,1509665.792,661381.562,1509669.487
661379.9327,1509665.404,661381.3895,1509669.101
661379.8089,1509665.016,661381.2215,1509668.715
661379.7211,1509664.628,661381.0607,1509668.329
661379.6153,1509664.24,661380.9044,1509667.941
661379.5456,1509663.853,661380.7553,1509667.555
661379.4576,1509663.502,661380.6125,1509667.171
661379.4058,1509663.133,661380.4769,1509666.786
661379.3539,1509662.764,661380.3485,1509666.403
661379.302,1509662.413,661380.2265,1509666.021
661379.2501,1509662.062,661380.1107,1509665.639
661379.216,1509661.73,661380.0021,1509665.26
661379.1821,1509661.38,661379.8999,1509664.881
661379.1303,1509661.011,661379.803,1509664.503
661379.1144,1509660.66,661379.7134,1509664.127
661379.0806,1509660.291,661379.6309,1509663.753
661379.0469,1509659.904,661379.5539,1509663.378
661379.0132,1509659.535,661379.4832,1509663.005
661378.9975,1509659.148,661379.4187,1509662.633
661378.9999,1509658.76,661379.3606,1509662.261
661378.9842,1509658.373,661379.3079,1509661.89
661378.9508,1509657.949,661379.2588,1509661.518
661378.9171,1509657.561,661379.2142,1509661.145
661378.8835,1509657.155,661379.1723,1509660.771
661378.8858,1509656.787,661379.1359,1509660.398
661378.87,1509656.418,661379.1021,1509660.027
661378.8723,1509656.049,661379.0728,1509659.654
661378.8745,1509655.699,661379.0463,1509659.282
661378.8767,1509655.33,661379.0224,1509658.911
661378.843,1509654.943,661378.9995,1509658.537
661378.8273,1509654.574,661378.9783,1509658.163
661378.7936,1509654.186,661378.9572,1509657.786
661378.7779,1509653.799,661378.937,1509657.407
661378.7624,1509653.393,661378.9186,1509657.026
661378.7468,1509653.006,661378.9002,1509656.643
661378.7311,1509652.619,661378.8827,1509656.259
661378.7155,1509652.231,661378.8662,1509655.876
661378.6819,1509651.826,661378.8496,1509655.49
661378.6844,1509651.42,661378.8339,1509655.104
661378.669,1509650.996,661378.8174,1509654.716
661378.6355,1509650.571,661378.7999,1509654.326
661378.6022,1509650.129,661378.7825,1509653.935
661378.5868,1509649.686,661378.766,1509653.541
661378.5715,1509649.244,661378.7504,1509653.145
661378.5382,1509648.801,661378.733,1509652.746
661378.5047,1509648.377,661378.7148,1509652.344
661378.4893,1509647.952,661378.6956,1509651.939
661378.474,1509647.51,661378.6756,1509651.53
661378.4585,1509647.104,661378.6547,1509651.118
661378.425,1509646.68,661378.6338,1509650.705
661378.4096,1509646.256,661378.6129,1509650.289
661378.3762,1509645.813,661378.592,1509649.871
661378.3789,1509645.389,661378.5721,1509649.45
661378.3634,1509644.965,661378.5521,1509649.029
661378.3481,1509644.522,661378.5322,1509648.604
661378.3328,1509644.079,661378.5123,1509648.177
661378.3175,1509643.637,661378.4924,1509647.748
661378.3022,1509643.194,661378.4734,1509647.316
661378.287,1509642.733,661378.4535,1509646.882
661378.2717,1509642.29,661378.4337,1509646.447
661378.2565,1509641.829,661378.4147,1509646.009
661378.2234,1509641.35,661378.3958,1509645.57
661378.2442,1509640.889,661378.3786,1509645.131
661378.2471,1509640.428,661378.3624,1509644.69
661378.268,1509639.949,661378.3489,1509644.247
661378.271,1509639.469,661378.3372,1509643.802
661378.2559,1509638.99,661378.3255,1509643.354
661378.259,1509638.492,661378.3148,1509642.903
661378.2619,1509638.013,661378.305,1509642.448
661378.2651,1509637.496,661378.297,1509641.989
661378.2681,1509636.999,661378.2899,1509641.526
661378.2712,1509636.501,661378.2846,1509641.061
661378.2742,1509636.021,661378.2794,1509640.592
661378.2771,1509635.542,661378.2751,1509640.121
661378.298,1509635.081,661378.2726,1509639.649
661378.3009,1509634.602,661378.271,1509639.175
661378.3037,1509634.141,661378.2703,1509638.701
661378.3247,1509633.662,661378.2714,1509638.224
661378.3276,1509633.201,661378.2735,1509637.747
661378.3304,1509632.74,661378.2764,1509637.27
661378.3333,1509632.26,661378.2802,1509636.791
661378.3543,1509631.781,661378.2868,1509636.313
661378.3753,1509631.302,661378.2933,1509635.834
661378.3782,1509630.823,661378.2999,1509635.353
661378.3813,1509630.325,661378.3056,1509634.872
661378.4025,1509629.809,661378.3121,1509634.389
661378.4057,1509629.292,661378.3196,1509633.904
661378.3909,1509628.758,661378.3262,1509633.417
661378.4121,1509628.241,661378.3337,1509632.929
661378.4335,1509627.707,661378.3422,1509632.439
661378.4547,1509627.191,661378.3515,1509631.949
661378.4579,1509626.656,661378.3608,1509631.457
661378.4431,1509626.14,661378.3693,1509630.963
661378.4464,1509625.605,661378.3777,1509630.466
661378.4497,1509625.07,661378.3853,1509629.965
661378.4348,1509624.554,661378.392,1509629.463
661378.4561,1509624.019,661378.3996,1509628.957
661378.4413,1509623.503,661378.4055,1509628.449
661378.4443,1509623.005,661378.4113,1509627.939
661378.4474,1509622.507,661378.4171,1509627.427
661378.4503,1509622.028,661378.423,1509626.916
661378.4532,1509621.567,661378.4279,1509626.405
661378.456,1509621.106,661378.432,1509625.895
661378.4587,1509620.664,661378.436,1509625.387
661378.4436,1509620.184,661378.4391,1509624.88
661378.4465,1509619.723,661378.4413,1509624.376
661378.4494,1509619.244,661378.4435,1509623.874
661378.4343,1509618.764,661378.4457,1509623.374
661378.4733,1509618.285,661378.4487,1509622.876
661378.4403,1509617.787,661378.4491,1509622.38
661378.4434,1509617.289,661378.4485,1509621.885
661378.4285,1509616.773,661378.447,1509621.391
661378.4497,1509616.257,661378.4474,1509620.897
661378.4529,1509615.74,661378.4477,1509620.403
661378.5101,1509615.243,661378.4507,1509619.912
661378.5132,1509614.727,661378.4546,1509619.421
661378.5163,1509614.229,661378.4576,1509618.931
661378.5194,1509613.731,661378.4616,1509618.443
661378.5224,1509613.233,661378.4655,1509617.954
661378.4893,1509612.754,661378.4676,1509617.466
661378.5104,1509612.256,661378.4706,1509616.978
661378.5133,1509611.777,661378.4736,1509616.488
661378.5343,1509611.297,661378.4775,1509615.998
661378.4831,1509610.836,661378.4787,1509615.506
661378.504,1509610.357,661378.4817,1509615.015
661378.4529,1509609.877,661378.482,1509614.523
661378.4377,1509609.416,661378.4815,1509614.031
661378.4405,1509608.955,661378.4818,1509613.541
661378.4614,1509608.494,661378.4812,1509613.051
661378.4281,1509608.052,661378.4806,1509612.565
661378.4129,1509607.591,661378.479,1509612.08
661378.4335,1509607.167,661378.4793,1509611.599
661378.4541,1509606.743,661378.4795,1509611.124
661378.4749,1509606.3,661378.4806,1509610.652
661378.4596,1509605.858,661378.4781,1509610.182
661378.4442,1509605.433,661378.4746,1509609.718
661378.3928,1509604.991,661378.4684,1509609.256
661378.3954,1509604.567,661378.4622,1509608.798
661378.3981,1509604.124,661378.456,1509608.342
661378.4007,1509603.7,661378.4516,1509607.889
661378.3853,1509603.276,661378.4453,1509607.44
661378.37,1509602.833,661378.4382,1509606.993
661378.3547,1509602.391,661378.4292,1509606.548
661378.3574,1509601.948,661378.4229,1509606.104
661378.3421,1509601.505,661378.4148,1509605.661
661378.3447,1509601.081,661378.4094,1509605.221
661378.3294,1509600.639,661378.404,1509604.782
661378.3321,1509600.196,661378.3986,1509604.344
661378.3347,1509599.772,661378.3922,1509603.908
661378.3373,1509599.348,661378.3877,1509603.473
661378.34,1509598.906,661378.384,1509603.039
661378.3247,1509598.463,661378.3786,1509602.604
661378.3274,1509598.021,661378.3723,1509602.168
661378.3303,1509597.56,661378.365,1509601.731
661378.333,1509597.117,661378.3587,1509601.294
661378.3178,1509596.656,661378.3524,1509600.855
661378.3207,1509596.177,661378.3488,1509600.414
661378.3237,1509595.697,661378.3452,1509599.97
661378.3085,1509595.236,661378.3407,1509599.526
661378.2934,1509594.757,661378.3354,1509599.079
661378.2782,1509594.296,661378.33,1509598.63
661378.263,1509593.835,661378.3247,1509598.18
661378.2478,1509593.374,661378.3193,1509597.729
661378.2145,1509592.931,661378.3122,1509597.278
661378.1993,1509592.47,661378.305,1509596.827
661378.202,1509592.027,661378.2979,1509596.374
661378.2047,1509591.585,661378.2917,1509595.921
661378.1894,1509591.142,661378.2845,1509595.468
661378.1741,1509590.7,661378.2765,1509595.015
661378.1588,1509590.257,661378.2676,1509594.56
661378.1616,1509589.796,661378.2586,1509594.105
661378.1465,1509589.317,661378.2497,1509593.647
661378.1313,1509588.855,661378.2399,1509593.189
661378.1343,1509588.376,661378.2301,1509592.73
661378.1372,1509587.897,661378.2203,1509592.269
661378.1402,1509587.417,661378.2115,1509591.807
661378.1252,1509586.919,661378.2017,1509591.344
661378.128,1509586.458,661378.1919,1509590.882
661378.131,1509585.979,661378.183,1509590.419
661378.1339,1509585.5,661378.1751,1509589.957
661378.1369,1509585.02,661378.168,1509589.493
661378.1399,1509584.523,661378.1618,1509589.027
661378.161,1509584.025,661378.1575,1509588.56
661378.1821,1509583.527,661378.1559,1509588.09
661378.1852,1509583.029,661378.1552,1509587.618
661378.2064,1509582.513,661378.1554,1509587.142
661378.2094,1509582.015,661378.1556,1509586.663
661378.2125,1509581.518,661378.1568,1509586.182
661378.2336,1509581.02,661378.1598,1509585.698
661378.2367,1509580.522,661378.1636,1509585.211
661378.2577,1509580.024,661378.1685,1509584.723
661378.2607,1509579.545,661378.1742,1509584.234
661378.2818,1509579.047,661378.1817,1509583.744
661378.3028,1509578.568,661378.1901,1509583.253
661378.3057,1509578.089,661378.1985,1509582.763
661378.3267,1509577.609,661378.2079,1509582.273
661378.3478,1509577.112,661378.219,1509581.782
661378.3689,1509576.614,661378.231,1509581.29
661378.3719,1509576.116,661378.2431,1509580.797
661378.3929,1509575.637,661378.256,1509580.304
661378.432,1509575.139,661378.2708,1509579.81
661378.4531,1509574.642,661378.2864,1509579.316
661378.4741,1509574.162,661378.3021,1509578.822
661378.4951,1509573.683,661378.3177,1509578.33
661378.516,1509573.204,661378.3343,1509577.839
661378.519,1509572.724,661378.3499,1509577.35
661378.54,1509572.245,661378.3664,1509576.861
661378.5249,1509571.766,661378.3821,1509576.373
661378.5278,1509571.286,661378.3968,1509575.887
661378.5127,1509570.807,661378.4106,1509575.401
661378.5157,1509570.327,661378.4235,1509574.916
661378.5546,1509569.867,661378.4382,1509574.432
661378.5755,1509569.406,661378.4529,1509573.95
661378.5963,1509568.945,661378.4675,1509573.469
661378.5811,1509568.484,661378.4813,1509572.989
661378.584,1509568.023,661378.4942,1509572.509
661378.5867,1509567.581,661378.5061,1509572.033
661378.5715,1509567.119,661378.5162,1509571.558
661378.6101,1509566.696,661378.5282,1509571.087
661378.6129,1509566.253,661378.5392,1509570.618
661378.5795,1509565.81,661378.5465,1509570.151
661378.5821,1509565.386,661378.553,1509569.689
661378.5487,1509564.962,661378.5567,1509569.229
661378.5514,1509564.52,661378.5595,1509568.771
661378.554,1509564.095,661378.5614,1509568.315
661378.5566,1509563.671,661378.5633,1509567.862
661378.5772,1509563.247,661378.5652,1509567.413
661378.5799,1509562.823,661378.5679,1509566.965
661378.6006,1509562.381,661378.5716,1509566.52
661378.6212,1509561.957,661378.577,1509566.078
661378.66,1509561.515,661378.5842,1509565.637
661378.6808,1509561.072,661378.5905,1509565.197
661378.6835,1509560.63,661378.5959,1509564.759
661378.7222,1509560.206,661378.6022,1509564.322
661378.7608,1509559.782,661378.6112,1509563.887
661378.7814,1509559.377,661378.6211,1509563.454
661378.802,1509558.953,661378.6318,1509563.023
661378.8225,1509558.547,661378.6444,1509562.594
661378.843,1509558.142,661378.656,1509562.167
661378.8636,1509557.736,661378.6685,1509561.741
661378.9561,1509557.35,661378.6874,1509561.318
661379.0306,1509556.963,661378.7098,1509560.896
661379.069,1509556.576,661378.7358,1509560.477
661379.0896,1509556.17,661378.7627,1509560.06
661379.146,1509555.783,661378.7923,1509559.644
661379.2205,1509555.397,661378.8255,1509559.23
661379.2771,1509554.991,661378.8605,1509558.818
661379.3156,1509554.604,661378.8973,1509558.407
661379.3902,1509554.199,661378.9368,1509557.998
661379.4468,1509553.794,661378.9781,1509557.589
661379.5215,1509553.37,661379.0211,1509557.182
661379.5961,1509552.965,661379.0669,1509556.777
661379.6528,1509552.541,661379.1154,1509556.372
661379.7453,1509552.155,661379.1665,1509555.97
661379.838,1509551.75,661379.2204,1509555.568
661379.9125,1509551.363,661379.2769,1509555.168
661379.9871,1509550.958,661379.3362,1509554.768
661380.0615,1509550.59,661379.3982,1509554.37
661380.1722,1509550.185,661379.4646,1509553.972
661380.2827,1509549.798,661379.5356,1509553.575
661380.3933,1509549.411,661379.6074,1509553.178
661380.4858,1509549.025,661379.6802,1509552.781
661380.5784,1509548.638,661379.7557,1509552.384
661380.7069,1509548.27,661379.8365,1509551.989
661380.8352,1509547.921,661379.921,1509551.596
661380.9457,1509547.553,661380.0072,1509551.204
661381.0561,1509547.185,661380.0962,1509550.814
661381.1666,1509546.816,661380.1887,1509550.424
661381.295,1509546.467,661380.284,1509550.038
661381.4233,1509546.117,661380.3828,1509549.654
661381.5698,1509545.75,661380.4852,1509549.273
661381.6982,1509545.4,661380.5903,1509548.895
661381.8447,1509545.032,661380.6999,1509548.519
661381.9912,1509544.664,661380.8122,1509548.145
661382.1377,1509544.296,661380.9272,1509547.772
661382.3024,1509543.91,661381.0467,1509547.399
661382.467,1509543.542,661381.1707,1509547.029
661382.6315,1509543.175,661381.2992,1509546.658
661382.796,1509542.807,661381.4304,1509546.289
661382.9605,1509542.458,661381.5643,1509545.922
661383.1429,1509542.108,661381.7018,1509545.557
661383.3075,1509541.741,661381.8428,1509545.193
661383.4538,1509541.41,661381.9866,1509544.831
661383.618,1509541.097,661382.1322,1509544.472
661383.8002,1509540.785,661382.2804,1509544.116
661383.9643,1509540.491,661382.4313,1509543.763
661384.1284,1509540.197,661382.5849,1509543.413
661384.3105,1509539.903,661382.7421,1509543.067
661384.4746,1509539.609,661382.9011,1509542.725
661384.6567,1509539.315,661383.0628,1509542.384
661384.839,1509539.003,661383.2263,1509542.047
661385.0392,1509538.691,661383.3933,1509541.712
661385.2574,1509538.397,661383.5639,1509541.38
661385.4577,1509538.085,661383.7373,1509541.051
661385.6941,1509537.754,661383.9151,1509540.724
661385.9124,1509537.442,661384.0956,1509540.4
661386.1308,1509537.112,661384.2788,1509540.079
661386.3673,1509536.781,661384.4656,1509539.759
661386.6216,1509536.469,661384.6568,1509539.442
661386.8579,1509536.157,661384.8517,1509539.127
661387.0944,1509535.827,661385.0493,1509538.813
661387.3489,1509535.496,661385.2514,1509538.501
661387.6032,1509535.185,661385.4588,1509538.19
661387.8394,1509534.891,661385.6699,1509537.879
661388.1118,1509534.579,661385.8855,1509537.569
661388.3842,1509534.267,661386.1065,1509537.258
661388.6566,1509533.956,661386.3329,1509536.946
661388.9291,1509533.625,661386.5638,1509536.632
661389.2196,1509533.295,661386.8011,1509536.316
661389.51,1509532.984,661387.0437,1509536
661389.8186,1509532.654,661387.2927,1509535.682
661390.1272,1509532.324,661387.5471,1509535.364
661390.4356,1509532.012,661387.806,1509535.045
661390.7621,1509531.701,661388.0712,1509534.726
661391.0887,1509531.371,661388.341,1509534.406
661391.4152,1509531.059,661388.6161,1509534.087
661391.7416,1509530.766,661388.8966,1509533.77
661392.0681,1509530.437,661389.1817,1509533.453
661392.3766,1509530.125,661389.4694,1509533.136
661392.685,1509529.813,661389.7608,1509532.818
661393.0114,1509529.52,661390.0567,1509532.503
661393.3379,1509529.209,661390.3561,1509532.189
661393.6823,1509528.916,661390.6601,1509531.875
661394.0268,1509528.605,661390.9694,1509531.561
661394.3894,1509528.294,661391.2833,1509531.247
661394.7339,1509527.982,661391.6008,1509530.932
661395.0965,1509527.653,661391.9228,1509530.617
661395.4591,1509527.341,661392.2493,1509530.303
661395.8398,1509527.012,661392.5803,1509529.989
661396.1843,1509526.7,661392.914,1509529.675
661396.5468,1509526.389,661393.2504,1509529.361
661396.9094,1509526.078,661393.5895,1509529.049
661397.2719,1509525.767,661393.9313,1509528.737
661397.6342,1509525.492,661394.2749,1509528.426
661397.9968,1509525.181,661394.6203,1509528.117
661398.3592,1509524.888,661394.9675,1509527.808
661398.7035,1509524.614,661395.3156,1509527.501
661399.0838,1509524.34,661395.6664,1509527.196
661399.4463,1509524.047,661396.0199,1509526.892
661399.8087,1509523.754,661396.3761,1509526.589
661400.1711,1509523.461,661396.7341,1509526.286
661400.5515,1509523.187,661397.0947,1509525.985
661400.9139,1509522.894,661397.4563,1509525.684
661401.2944,1509522.602,661397.8197,1509525.384
661401.6747,1509522.327,661398.184,1509525.086
661402.055,1509522.053,661398.55,1509524.789
661402.4354,1509521.779,661398.917,1509524.495
661402.8157,1509521.505,661399.2848,1509524.204
661403.1781,1509521.23,661399.6517,1509523.915
661403.5403,1509520.974,661400.0195,1509523.628
661403.9025,1509520.719,661400.3873,1509523.345
661404.2468,1509520.444,661400.7542,1509523.063
661404.6088,1509520.207,661401.121,1509522.785
661404.953,1509519.951,661401.487,1509522.508
661405.2792,1509519.694,661401.8511,1509522.234
661405.6232,1509519.457,661402.2143,1509521.962
661406.0033,1509519.22,661402.5793,1509521.692
661406.3473,1509519,661402.9425,1509521.425
661406.6911,1509518.8,661403.3047,1509521.163
661407.0351,1509518.581,661403.666,1509520.904
661407.3612,1509518.324,661404.0255,1509520.647
661407.6691,1509518.105,661404.3814,1509520.393
661408.013,1509517.886,661404.7364,1509520.143
661408.357,1509517.667,661405.0895,1509519.896
661408.7009,1509517.448,661405.4408,1509519.652
661409.027,1509517.21,661405.7894,1509519.41
661409.3347,1509517.009,661406.1344,1509519.171
661409.6608,1509516.771,661406.4766,1509518.935
661410.0046,1509516.571,661406.8179,1509518.702
661410.3484,1509516.37,661407.1583,1509518.472
661410.6742,1509516.169,661407.4969,1509518.244
661411.0001,1509515.95,661407.8346,1509518.019
661411.3079,1509515.749,661408.1696,1509517.797
661411.6157,1509515.548,661408.5027,1509517.576
661411.9415,1509515.347,661408.8358,1509517.359
661412.2673,1509515.146,661409.168,1509517.143
661412.5931,1509514.945,661409.4975,1509516.93
661412.9367,1509514.782,661409.827,1509516.719
661413.2624,1509514.599,661410.1555,1509516.509
661413.5882,1509514.398,661410.4832,1509516.3
661413.9319,1509514.216,661410.8117,1509516.094
661414.2396,1509514.034,661411.1402,1509515.891
661414.6013,1509513.852,661411.4697,1509515.689
661414.9451,1509513.651,661411.7991,1509515.488
661415.2708,1509513.468,661412.1276,1509515.289
661415.6148,1509513.249,661412.457,1509515.091
661415.9405,1509513.067,661412.7872,1509514.894
661416.3021,1509512.903,661413.1193,1509514.701
661416.6819,1509512.721,661413.4532,1509514.508
661417.0618,1509512.521,661413.7888,1509514.316
661417.4235,1509512.339,661414.1263,1509514.124
661417.7854,1509512.138,661414.4656,1509513.934
661418.129,1509511.974,661414.8066,1509513.745
661418.4727,1509511.792,661415.1495,1509513.557
661418.8163,1509511.628,661415.4932,1509513.371
661419.1778,1509511.483,661415.8387,1509513.188
661419.5215,1509511.319,661416.1852,1509513.007
661419.883,1509511.174,661416.5325,1509512.826
661420.2446,1509511.01,661416.8816,1509512.647
661420.6063,1509510.846,661417.2325,1509512.469
661421.0038,1509510.701,661417.5861,1509512.293
661421.4015,1509510.538,661417.9442,1509512.119
661421.8172,1509510.393,661418.305,1509511.946
661422.2329,1509510.229,661418.6694,1509511.775
661422.6485,1509510.084,661419.0383,1509511.605
661423.0821,1509509.939,661419.4116,1509511.44
661423.4978,1509509.795,661419.7895,1509511.276
661423.9313,1509509.668,661420.1709,1509511.115
661424.3647,1509509.56,661420.5551,1509510.956
661424.7802,1509509.434,661420.941,1509510.802
661425.2135,1509509.344,661421.3305,1509510.652
661425.6468,1509509.255,661421.7236,1509510.508
661426.0622,1509509.146,661422.1202,1509510.367
661426.4955,1509509.057,661422.5214,1509510.23
661426.9288,1509508.967,661422.927,1509510.097
661427.3801,1509508.896,661423.3371,1509509.968
661427.8313,1509508.825,661423.7526,1509509.843
661428.2824,1509508.773,661424.1726,1509509.723
661428.7335,1509508.72,661424.597,1509509.609
661429.1847,1509508.649,661425.026,1509509.499
661429.6538,1509508.615,661425.4584,1509509.394
661430.1229,1509508.563,661425.8945,1509509.296
661430.5918,1509508.547,661426.3332,1509509.203
661431.0608,1509508.513,661426.7746,1509509.118
661431.5298,1509508.498,661427.2187,1509509.038
661431.9988,1509508.464,661427.6645,1509508.965
661432.4677,1509508.448,661428.113,1509508.897
661432.9185,1509508.451,661428.5624,1509508.836
661433.3694,1509508.435,661429.0126,1509508.78
661433.8382,1509508.438,661429.4655,1509508.73
661434.271,1509508.423,661429.9184,1509508.684
661434.7218,1509508.425,661430.3722,1509508.643
661435.1545,1509508.428,661430.8268,1509508.607
661435.5873,1509508.431,661431.2814,1509508.576
661436.02,1509508.433,661431.7359,1509508.549
661436.4347,1509508.436,661432.1886,1509508.526
661436.8855,1509508.439,661432.6414,1509508.507
661437.3182,1509508.441,661433.0931,1509508.49
661437.7509,1509508.462,661433.544,1509508.477
661438.2016,1509508.465,661433.9949,1509508.468
661438.6524,1509508.468,661434.4448,1509508.461
661439.1032,1509508.471,661434.8938,1509508.456
661439.5359,1509508.473,661435.341,1509508.452
661439.9506,1509508.476,661435.7855,1509508.45
661440.4014,1509508.479,661436.2291,1509508.449
661440.8341,1509508.481,661436.6708,1509508.45
661441.2669,1509508.484,661437.1108,1509508.452
661441.7356,1509508.505,661437.5517,1509508.455
661442.2224,1509508.508,661437.9943,1509508.458
661442.6912,1509508.511,661438.437,1509508.462
661443.16,1509508.514,661438.8814,1509508.467
661443.6108,1509508.517,661439.3259,1509508.471
661444.0435,1509508.52,661439.7703,1509508.476
661444.4763,1509508.522,661440.2148,1509508.48
661444.9089,1509508.543,661440.6592,1509508.486
661445.3236,1509508.546,661441.1036,1509508.491
661445.7383,1509508.548,661441.5463,1509508.497
661446.1709,1509508.569,661441.9889,1509508.503
661446.5856,1509508.572,661442.4307,1509508.509
661447.0184,1509508.575,661442.8715,1509508.514
661447.4511,1509508.577,661443.3114,1509508.52
661447.8837,1509508.598,661443.7505,1509508.526
661448.3164,1509508.62,661444.1895,1509508.533
661448.7491,1509508.622,661444.6294,1509508.541
661449.1638,1509508.625,661445.0675,1509508.548
661449.5785,1509508.627,661445.5047,1509508.555
661449.9752,1509508.63,661445.9402,1509508.563
661450.3719,1509508.632,661446.372,1509508.569
661450.7686,1509508.635,661446.7993,1509508.575
661451.1472,1509508.637,661447.2221,1509508.581
661451.5439,1509508.639,661447.6413,1509508.588
661451.9224,1509508.66,661448.0569,1509508.595
661452.283,1509508.662,661448.4688,1509508.602
661452.6437,1509508.665,661448.8772,1509508.609
661453.0042,1509508.685,661449.282,1509508.616
661453.3648,1509508.687,661449.684,1509508.623
661453.7253,1509508.708,661450.0834,1509508.631
661454.0679,1509508.71,661450.4782,1509508.638
661454.4284,1509508.731,661450.8704,1509508.646
661454.789,1509508.733,661451.2589,1509508.654
661455.1495,1509508.754,661451.6438,1509508.663
661455.5281,1509508.756,661452.026,1509508.671
661455.8888,1509508.758,661452.4047,1509508.678
661456.2673,1509508.779,661452.7806,1509508.686
661456.6279,1509508.781,661453.1538,1509508.694
661456.9884,1509508.802,661453.5243,1509508.702
661457.331,1509508.804,661453.8921,1509508.711
661457.6915,1509508.825,661454.258,1509508.721
661458.0521,1509508.827,661454.6222,1509508.73
661458.3947,1509508.829,661454.9846,1509508.74
661458.7552,1509508.85,661455.3452,1509508.75
661459.1158,1509508.852,661455.7048,1509508.76
661459.4763,1509508.873,661456.0645,1509508.77
661459.8368,1509508.893,661456.4241,1509508.782
661460.2154,1509508.914,661456.7847,1509508.793
661460.576,1509508.916,661457.1453,1509508.805
661460.9545,1509508.937,661457.5067,1509508.816
661461.3332,1509508.939,661457.87,1509508.828
661461.7298,1509508.942,661458.2351,1509508.838
661462.1264,1509508.963,661458.6019,1509508.85
661462.5231,1509508.965,661458.9706,1509508.86
661462.9377,1509508.986,661459.3411,1509508.872
661463.3703,1509509.007,661459.7152,1509508.884
661463.8031,1509509.01,661460.092,1509508.896
661464.2357,1509509.031,661460.4724,1509508.908
661464.6863,1509509.052,661460.8572,1509508.921
661465.155,1509509.073,661461.2484,1509508.934
661465.6057,1509509.095,661461.6442,1509508.948
661466.0744,1509509.116,661462.0453,1509508.962
661466.5251,1509509.119,661462.4518,1509508.977
661466.9578,1509509.14,661462.8619,1509508.991
661467.4084,1509509.161,661463.2766,1509509.007
661467.8409,1509509.201,661463.6948,1509509.023
661468.2736,1509509.222,661464.1166,1509509.039
661468.7061,1509509.261,661464.5412,1509509.057
661469.1206,1509509.301,661464.9684,1509509.076
661469.5352,1509509.322,661465.3974,1509509.095
661469.9496,1509509.361,661465.8282,1509509.116
661470.3642,1509509.382,661466.26,1509509.138
661470.7608,1509509.403,661466.6917,1509509.16
661471.1574,1509509.424,661467.1234,1509509.183
661471.5719,1509509.463,661467.5551,1509509.207
661471.9685,1509509.466,661467.985,1509509.23
661472.383,1509509.505,661468.414,1509509.255
661472.7796,1509509.526,661468.8412,1509509.28
661473.158,1509509.565,661469.2648,1509509.305
661473.5365,1509509.586,661469.6839,1509509.331
661473.9148,1509509.644,661470.0993,1509509.358
661474.2933,1509509.683,661470.5103,1509509.387
661474.6535,1509509.74,661470.9167,1509509.418
661475.0138,1509509.798,661471.3195,1509509.451
661475.3741,1509509.855,661471.7178,1509509.485
661475.7163,1509509.913,661472.1115,1509509.521
661476.0403,1509510.007,661472.4999,1509509.56
661476.3644,1509510.083,661472.8828,1509509.601
661476.7066,1509510.159,661473.2621,1509509.644
661477.0306,1509510.253,661473.6369,1509509.691
661477.3545,1509510.347,661474.0071,1509509.74
661477.6786,1509510.423,661474.3728,1509509.792
661477.9845,1509510.535,661474.734,1509509.849
661478.2724,1509510.629,661475.0898,1509509.909
661478.5783,1509510.742,661475.4401,1509509.973
661478.8841,1509510.854,661475.7859,1509510.042
661479.1719,1509510.967,661476.1253,1509510.115
661479.4417,1509511.079,661476.4584,1509510.193
661479.7294,1509511.21,661476.787,1509510.275
661479.9991,1509511.34,661477.1101,1509510.363
661480.2686,1509511.49,661477.4278,1509510.455
661480.5382,1509511.639,661477.74,1509510.553
661480.8078,1509511.769,661478.0478,1509510.655
661481.0773,1509511.937,661478.3509,1509510.761
661481.3468,1509512.086,661478.6496,1509510.873
661481.5983,1509512.254,661478.9437,1509510.99
661481.8677,1509512.421,661479.235,1509511.111
661482.1191,1509512.589,661479.5228,1509511.236
661482.3524,1509512.775,661479.8051,1509511.367
661482.5858,1509512.942,661480.0828,1509511.501
661482.8009,1509513.146,661480.3551,1509511.641
661483.034,1509513.35,661480.6229,1509511.788
661483.2672,1509513.555,661480.887,1509511.939
661483.5001,1509513.796,661481.1484,1509512.097
661483.7331,1509514.019,661481.4062,1509512.261
661483.9661,1509514.26,661481.6603,1509512.431
661484.1809,1509514.519,661481.9107,1509512.609
661484.3958,1509514.76,661482.1584,1509512.793
661484.5925,1509515.019,661482.4016,1509512.983
661484.7894,1509515.26,661482.6411,1509513.179
661484.9681,1509515.52,661482.8761,1509513.381
661485.1469,1509515.76,661483.1065,1509513.587
661485.3258,1509516.001,661483.3324,1509513.798
661485.4866,1509516.242,661483.5529,1509514.014
661485.6293,1509516.482,661483.767,1509514.234
661485.7721,1509516.723,661483.9757,1509514.457
661485.8966,1509517,661484.1771,1509514.686
661486.0392,1509517.278,661484.3731,1509514.92
661486.1817,1509517.555,661484.5646,1509515.159
661486.2882,1509517.833,661484.7497,1509515.404
661486.4126,1509518.128,661484.9303,1509515.653
661486.519,1509518.424,661485.1046,1509515.907
661486.6433,1509518.738,661485.2734,1509516.166
661486.7495,1509519.052,661485.4358,1509516.429
661486.8558,1509519.366,661485.592,1509516.696
661486.9439,1509519.699,661485.7408,1509516.968
661487.05,1509520.031,661485.8843,1509517.244
661487.138,1509520.382,661486.0214,1509517.525
661487.226,1509520.733,661486.1531,1509517.81
661487.2959,1509521.102,661486.2784,1509518.103
661487.3838,1509521.472,661486.3992,1509518.4
661487.4535,1509521.859,661486.5145,1509518.705
661487.5053,1509522.228,661486.6235,1509519.016
661487.557,1509522.616,661486.727,1509519.335
661487.6089,1509522.985,661486.826,1509519.66
661487.6426,1509523.372,661486.9195,1509519.993
661487.6944,1509523.741,661487.0094,1509520.33
661487.71,1509524.129,661487.093,1509520.672
661487.7618,1509524.498,661487.172,1509521.019
661487.8136,1509524.885,661487.2482,1509521.372
661487.8472,1509525.273,661487.32,1509521.729
661487.8993,1509525.605,661487.389,1509522.088
661487.9149,1509525.992,661487.4526,1509522.451
661487.9306,1509526.38,661487.5116,1509522.817
661487.9643,1509526.767,661487.5671,1509523.187
661487.9981,1509527.136,661487.6198,1509523.559
661488.0317,1509527.523,661487.6688,1509523.934
661488.0295,1509527.892,661487.7134,1509524.309
661488.027,1509528.298,661487.7535,1509524.688
661488.0246,1509528.685,661487.7899,1509525.067
661488.0222,1509529.072,661487.8218,1509525.447
661488.0197,1509529.478,661487.8501,1509525.828
661488.0353,1509529.883,661487.8766,1509526.211
661488.0328,1509530.289,661487.9004,1509526.594
661488.0302,1509530.713,661487.9215,1509526.981
661488.0095,1509531.137,661487.9398,1509527.369
661487.9888,1509531.579,661487.9546,1509527.761
661487.9859,1509532.04,661487.9683,1509528.156
661487.9832,1509532.483,661487.9794,1509528.556
661487.9805,1509532.925,661487.9878,1509528.958
661487.9778,1509533.368,661487.9943,1509529.362
661487.9749,1509533.829,661487.9981,1509529.774
661487.9542,1509534.271,661488,1509530.187
661487.9515,1509534.714,661488.0011,1509530.604
661487.9307,1509535.156,661487.9994,1509531.024
661487.928,1509535.599,661487.9959,1509531.447
661487.9073,1509536.023,661487.9897,1509531.872
661487.9047,1509536.447,661487.9834,1509532.299
661487.9202,1509536.871,661487.9781,1509532.728
661487.9175,1509537.295,661487.9727,1509533.159
661487.9149,1509537.719,661487.9674,1509533.591
661487.9123,1509538.143,661487.962,1509534.024
661487.9097,1509538.567,661487.9557,1509534.458
661487.9251,1509538.991,661487.9503,1509534.894
661487.9225,1509539.415,661487.945,1509535.329
661487.9199,1509539.839,661487.9405,1509535.764
661487.8993,1509540.263,661487.936,1509536.198
661487.9148,1509540.669,661487.9325,1509536.629
661487.9122,1509541.093,661487.9289,1509537.06
661487.9097,1509541.499,661487.9254,1509537.489
661487.9073,1509541.886,661487.9218,1509537.914
661487.905,1509542.273,661487.9184,1509538.337
661487.9206,1509542.66,661487.9167,1509538.756
661487.9182,1509543.048,661487.915,1509539.173
661487.8978,1509543.435,661487.9134,1509539.587
661487.8955,1509543.804,661487.9117,1509539.997
661487.9113,1509544.172,661487.9119,1509540.405
661487.9089,1509544.56,661487.9122,1509540.81
661487.9068,1509544.91,661487.9115,1509541.212
661487.9045,1509545.279,661487.9108,1509541.611
661487.9204,1509545.629,661487.9111,1509542.007
661487.9182,1509545.979,661487.9114,1509542.399
661487.9161,1509546.33,661487.9117,1509542.787
661487.914,1509546.662,661487.9112,1509543.17
661487.9119,1509547.012,661487.9106,1509543.55
661487.9277,1509547.362,661487.911,1509543.926
661487.9256,1509547.713,661487.9123,1509544.299
661487.9415,1509548.063,661487.9137,1509544.668
661487.9212,1509548.432,661487.9141,1509545.035
661487.9189,1509548.8,661487.9146,1509545.4
661487.9166,1509549.169,661487.915,1509545.765
661487.9144,1509549.538,661487.9155,1509546.128
661487.9121,1509549.907,661487.9151,1509546.49
661487.9279,1509550.276,661487.9156,1509546.851
661487.9076,1509550.644,661487.9161,1509547.212
661487.9053,1509551.013,661487.9165,1509547.572
661487.9031,1509551.363,661487.9161,1509547.932
661487.9009,1509551.732,661487.9157,1509548.291
661487.8986,1509552.101,661487.9153,1509548.65
661487.8963,1509552.47,661487.9149,1509549.01
661487.8941,1509552.838,661487.9136,1509549.37
661487.9097,1509553.226,661487.9132,1509549.732
661487.9073,1509553.613,661487.9127,1509550.097
661487.8869,1509554,661487.9114,1509550.464
661487.8845,1509554.387,661487.91,1509550.832
661487.8823,1509554.756,661487.9077,1509551.202
661487.898,1509555.125,661487.9064,1509551.573
661487.8958,1509555.493,661487.9041,1509551.944
661487.8755,1509555.862,661487.9018,1509552.316
661487.8912,1509556.231,661487.9004,1509552.687
661487.871,1509556.581,661487.8981,1509553.058
661487.8689,1509556.931,661487.8959,1509553.427
661487.8667,1509557.282,661487.8936,1509553.796
661487.8646,1509557.632,661487.8904,1509554.164
661487.8445,1509557.964,661487.8873,1509554.53
661487.8425,1509558.296,661487.8841,1509554.894
661487.8404,1509558.628,661487.881,1509555.257
661487.8384,1509558.959,661487.8779,1509555.619
661487.8184,1509559.273,661487.8739,1509555.977
661487.8165,1509559.586,661487.8699,1509556.333
661487.8146,1509559.9,661487.8659,1509556.686
661487.8126,1509560.213,661487.861,1509557.036
661487.8107,1509560.527,661487.8562,1509557.381
661487.8088,1509560.84,661487.8523,1509557.723
661487.807,1509561.135,661487.8484,1509558.061
661487.8052,1509561.43,661487.8446,1509558.394
661487.8033,1509561.725,661487.8398,1509558.724
661487.8016,1509562.002,661487.8351,1509559.05
661487.7999,1509562.278,661487.8313,1509559.371
661487.8163,1509562.555,661487.8276,1509559.687
661487.8145,1509562.85,661487.8248,1509560
661487.7948,1509563.108,661487.8211,1509560.309
661487.7931,1509563.384,661487.8174,1509560.614
661487.7913,1509563.679,661487.8137,1509560.916
661487.7896,1509563.956,661487.811,1509561.216
661487.7698,1509564.251,661487.8073,1509561.514
661487.786,1509564.546,661487.8046,1509561.81
661487.7842,1509564.841,661487.8019,1509562.104
661487.7824,1509565.136,661487.8001,1509562.397
661487.7807,1509565.412,661487.7983,1509562.688
661487.7788,1509565.707,661487.7965,1509562.979
661487.7771,1509565.984,661487.7948,1509563.267
661487.7574,1509566.26,661487.7921,1509563.554
661487.7557,1509566.537,661487.7894,1509563.839
661487.7539,1509566.832,661487.7868,1509564.124
661487.7341,1509567.127,661487.7832,1509564.409
661487.7322,1509567.422,661487.7797,1509564.693
661487.7124,1509567.717,661487.7752,1509564.979
661487.6924,1509568.03,661487.7698,1509565.267
661487.6726,1509568.325,661487.7627,1509565.555
661487.6707,1509568.638,661487.7555,1509565.845
661487.6508,1509568.933,661487.7483,1509566.136
661487.631,1509569.228,661487.7402,1509566.428
661487.629,1509569.542,661487.732,1509566.721
661487.6092,1509569.837,661487.723,1509567.015
661487.5893,1509570.131,661487.714,1509567.309
661487.5695,1509570.426,661487.7032,1509567.603
661487.5497,1509570.721,661487.6914,1509567.897
661487.5298,1509571.016,661487.6788,1509568.191
661487.4921,1509571.292,661487.6644,1509568.485
661487.4722,1509571.587,661487.6491,1509568.779
661487.4525,1509571.864,661487.6328,1509569.073
661487.4326,1509572.159,661487.6166,1509569.368
661487.3949,1509572.435,661487.5985,1509569.663
661487.3751,1509572.712,661487.5796,1509569.957
661487.3555,1509572.97,661487.5607,1509570.249
661487.3358,1509573.246,661487.5409,1509570.541
661487.298,1509573.522,661487.5201,1509570.831
661487.2784,1509573.78,661487.4994,1509571.118
661487.2588,1509574.038,661487.4787,1509571.404
661487.2392,1509574.296,661487.4572,1509571.687
661487.2195,1509574.554,661487.4356,1509571.968
661487.2,1509574.794,661487.4141,1509572.246
661487.1805,1509575.034,661487.3916,1509572.521
661487.161,1509575.273,661487.3692,1509572.793
661487.1596,1509575.513,661487.3477,1509573.062
661487.1401,1509575.752,661487.3263,1509573.328
661487.1386,1509575.992,661487.3057,1509573.592
661487.1371,1509576.232,661487.2861,1509573.852
661487.1357,1509576.453,661487.2683,1509574.11
661487.1523,1509576.693,661487.2523,1509574.366
661487.169,1509576.914,661487.2381,1509574.618
661487.1856,1509577.136,661487.2257,1509574.867
661487.1842,1509577.375,661487.2152,1509575.114
661487.2008,1509577.597,661487.2065,1509575.358
661487.2356,1509577.8,661487.2005,1509575.6
661487.2522,1509578.039,661487.1963,1509575.839
661487.2689,1509578.261,661487.1949,1509576.076
661487.2855,1509578.482,661487.1952,1509576.311
661487.3202,1509578.704,661487.1983,1509576.545
661487.337,1509578.907,661487.2032,1509576.775
661487.3537,1509579.128,661487.2099,1509577.004
661487.3705,1509579.331,661487.2184,1509577.231
661487.3693,1509579.515,661487.2279,1509577.455
661487.3861,1509579.718,661487.2391,1509577.677
661487.385,1509579.903,661487.2504,1509577.897
661487.3839,1509580.087,661487.2626,1509578.113
661487.3827,1509580.271,661487.2748,1509578.327
661487.3817,1509580.437,661487.287,1509578.537
661487.3987,1509580.603,661487.3002,1509578.745
661487.3976,1509580.788,661487.3124,1509578.95
661487.4146,1509580.954,661487.3247,1509579.152
661487.4135,1509581.138,661487.3361,1509579.352
661487.4304,1509581.323,661487.3484,1509579.549
661487.4474,1509581.489,661487.3607,1509579.744
661487.4643,1509581.673,661487.3722,1509579.937
661487.4813,1509581.839,661487.3836,1509580.127
661487.4803,1509582.005,661487.3942,1509580.315
661487.4973,1509582.171,661487.4048,1509580.499
661487.5143,1509582.337,661487.4145,1509580.681
661487.5134,1509582.485,661487.4233,1509580.86
661487.5304,1509582.651,661487.4321,1509581.036
661487.5295,1509582.798,661487.4401,1509581.209
661487.5286,1509582.946,661487.448,1509581.381
661487.5458,1509583.075,661487.456,1509581.549
661487.5449,1509583.222,661487.464,1509581.715
661487.5441,1509583.351,661487.472,1509581.878
661487.5612,1509583.499,661487.4809,1509582.039
661487.5604,1509583.628,661487.4899,1509582.199
661487.5777,1509583.757,661487.4988,1509582.356
661487.5769,1509583.886,661487.5078,1509582.511
661487.5761,1509584.015,661487.5159,1509582.664
661487.5934,1509584.126,661487.5249,1509582.814
661487.5927,1509584.237,661487.533,1509582.96
661487.5923,1509584.311,661487.5402,1509583.101
661487.6098,1509584.403,661487.5475,1509583.237
661487.6094,1509584.458,661487.5539,1509583.368
661487.609,1509584.532,661487.5603,1509583.494
661487.6087,1509584.569,661487.5659,1509583.614
661487.6085,1509584.606,661487.5706,1509583.728
